locatedIn palau micronesia,palau locatedIn micronesia,
locatedIn palau oceania,palau locatedIn micronesia,micronesia locatedIn oceania,
locatedIn maldives asia,maldives locatedIn southern_asia,southern_asia locatedIn asia,
locatedIn brunei south-eastern_asia,brunei neighborOf malaysia,malaysia locatedIn south-eastern_asia,
locatedIn brunei asia,brunei locatedIn south-eastern_asia,south-eastern_asia locatedIn asia,
locatedIn japan asia,japan locatedIn eastern_asia,eastern_asia locatedIn asia,
neighborOf netherlands germany,netherlands neighborOf belgium,belgium neighborOf germany,
neighborOf netherlands belgium,netherlands neighborOf germany,germany neighborOf belgium,
neighborOf turkey armenia,turkey neighborOf azerbaijan,azerbaijan neighborOf armenia,
neighborOf turkey azerbaijan,turkey neighborOf armenia,armenia neighborOf azerbaijan,
neighborOf turkey iran,turkey neighborOf iraq,iraq neighborOf iran,
neighborOf turkey greece,turkey neighborOf bulgaria,bulgaria neighborOf greece,
neighborOf turkey georgia,turkey neighborOf armenia,armenia neighborOf georgia,
neighborOf turkey bulgaria,turkey neighborOf greece,greece neighborOf bulgaria,
neighborOf turkey iraq,turkey neighborOf iran,iran neighborOf iraq,
neighborOf turkey syria,turkey neighborOf iraq,iraq neighborOf syria,
locatedIn angola middle_africa,angola neighborOf dr_congo,dr_congo locatedIn middle_africa,
locatedIn angola africa,angola locatedIn middle_africa,middle_africa locatedIn africa,
neighborOf angola dr_congo,angola neighborOf republic_of_the_congo,republic_of_the_congo neighborOf dr_congo,
neighborOf angola namibia,angola neighborOf zambia,zambia neighborOf namibia,
neighborOf angola zambia,angola neighborOf dr_congo,dr_congo neighborOf zambia,
neighborOf angola republic_of_the_congo,angola neighborOf dr_congo,dr_congo neighborOf republic_of_the_congo,
locatedIn armenia western_asia,armenia neighborOf azerbaijan,azerbaijan locatedIn western_asia,
locatedIn armenia asia,armenia locatedIn western_asia,western_asia locatedIn asia,
neighborOf armenia georgia,armenia neighborOf azerbaijan,azerbaijan neighborOf georgia,
neighborOf armenia azerbaijan,armenia neighborOf iran,iran neighborOf azerbaijan,
neighborOf armenia iran,armenia neighborOf azerbaijan,azerbaijan neighborOf iran,
neighborOf armenia turkey,armenia neighborOf georgia,georgia neighborOf turkey,
locatedIn antigua_and_barbuda caribbean,antigua_and_barbuda locatedIn caribbean,
locatedIn antigua_and_barbuda americas,antigua_and_barbuda locatedIn caribbean,caribbean locatedIn americas,
locatedIn swaziland southern_africa,swaziland neighborOf south_africa,south_africa locatedIn southern_africa,
locatedIn swaziland africa,swaziland locatedIn southern_africa,southern_africa locatedIn africa,
neighborOf swaziland south_africa,swaziland neighborOf mozambique,mozambique neighborOf south_africa,
neighborOf swaziland mozambique,swaziland neighborOf south_africa,south_africa neighborOf mozambique,
locatedIn wallis_and_futuna oceania,wallis_and_futuna locatedIn polynesia,polynesia locatedIn oceania,
locatedIn uruguay south_america,uruguay neighborOf argentina,argentina locatedIn south_america,
locatedIn uruguay americas,uruguay locatedIn south_america,south_america locatedIn americas,
neighborOf uruguay argentina,uruguay neighborOf brazil,brazil neighborOf argentina,
locatedIn zambia eastern_africa,zambia neighborOf malawi,malawi locatedIn eastern_africa,
locatedIn zambia africa,zambia locatedIn eastern_africa,eastern_africa locatedIn africa,
neighborOf zambia tanzania,zambia neighborOf mozambique,mozambique neighborOf tanzania,
neighborOf zambia mozambique,zambia neighborOf tanzania,tanzania neighborOf mozambique,
neighborOf zambia dr_congo,zambia neighborOf tanzania,tanzania neighborOf dr_congo,
neighborOf zambia angola,zambia neighborOf dr_congo,dr_congo neighborOf angola,
neighborOf zambia botswana,zambia neighborOf zimbabwe,zimbabwe neighborOf botswana,
neighborOf zambia zimbabwe,zambia neighborOf botswana,botswana neighborOf zimbabwe,
neighborOf zambia namibia,zambia neighborOf angola,angola neighborOf namibia,
neighborOf zambia malawi,zambia neighborOf tanzania,tanzania neighborOf malawi,
locatedIn cyprus eastern_europe,cyprus locatedIn eastern_europe,
locatedIn cyprus europe,cyprus locatedIn eastern_europe,eastern_europe locatedIn europe,
locatedIn ireland northern_europe,ireland neighborOf united_kingdom,united_kingdom locatedIn northern_europe,
locatedIn ireland europe,ireland locatedIn northern_europe,northern_europe locatedIn europe,
locatedIn burundi eastern_africa,burundi neighborOf rwanda,rwanda locatedIn eastern_africa,
locatedIn burundi africa,burundi locatedIn eastern_africa,eastern_africa locatedIn africa,
neighborOf burundi dr_congo,burundi neighborOf rwanda,rwanda neighborOf dr_congo,
neighborOf burundi rwanda,burundi neighborOf dr_congo,dr_congo neighborOf rwanda,
neighborOf burundi tanzania,burundi neighborOf dr_congo,dr_congo neighborOf tanzania,
locatedIn central_african_republic middle_africa,central_african_republic neighborOf chad,chad locatedIn middle_africa,
locatedIn central_african_republic africa,central_african_republic locatedIn middle_africa,middle_africa locatedIn africa,
neighborOf central_african_republic chad,central_african_republic neighborOf sudan,sudan neighborOf chad,
neighborOf central_african_republic republic_of_the_congo,central_african_republic neighborOf cameroon,cameroon neighborOf republic_of_the_congo,
neighborOf central_african_republic dr_congo,central_african_republic neighborOf republic_of_the_congo,republic_of_the_congo neighborOf dr_congo,
neighborOf central_african_republic south_sudan,central_african_republic neighborOf dr_congo,dr_congo neighborOf south_sudan,
neighborOf central_african_republic cameroon,central_african_republic neighborOf republic_of_the_congo,republic_of_the_congo neighborOf cameroon,
neighborOf central_african_republic sudan,central_african_republic neighborOf south_sudan,south_sudan neighborOf sudan,
locatedIn tonga polynesia,tonga locatedIn polynesia,
locatedIn tonga oceania,tonga locatedIn polynesia,polynesia locatedIn oceania,
locatedIn ivory_coast western_africa,ivory_coast neighborOf liberia,liberia locatedIn western_africa,
locatedIn ivory_coast africa,ivory_coast locatedIn western_africa,western_africa locatedIn africa,
neighborOf ivory_coast burkina_faso,ivory_coast neighborOf ghana,ghana neighborOf burkina_faso,
neighborOf ivory_coast ghana,ivory_coast neighborOf burkina_faso,burkina_faso neighborOf ghana,
neighborOf ivory_coast liberia,ivory_coast neighborOf guinea,guinea neighborOf liberia,
neighborOf ivory_coast mali,ivory_coast neighborOf burkina_faso,burkina_faso neighborOf mali,
neighborOf ivory_coast guinea,ivory_coast neighborOf liberia,liberia neighborOf guinea,
neighborOf sierra_leone liberia,sierra_leone neighborOf guinea,guinea neighborOf liberia,
neighborOf sierra_leone guinea,sierra_leone neighborOf liberia,liberia neighborOf guinea,
locatedIn mayotte africa,mayotte locatedIn eastern_africa,eastern_africa locatedIn africa,
neighborOf poland germany,poland neighborOf czechia,czechia neighborOf germany,
neighborOf poland ukraine,poland neighborOf slovakia,slovakia neighborOf ukraine,
neighborOf poland slovakia,poland neighborOf czechia,czechia neighborOf slovakia,
neighborOf poland belarus,poland neighborOf russia,russia neighborOf belarus,
neighborOf poland russia,poland neighborOf ukraine,ukraine neighborOf russia,
neighborOf poland lithuania,poland neighborOf belarus,belarus neighborOf lithuania,
neighborOf poland czechia,poland neighborOf germany,germany neighborOf czechia,
locatedIn kazakhstan central_asia,kazakhstan neighborOf uzbekistan,uzbekistan locatedIn central_asia,
locatedIn kazakhstan asia,kazakhstan locatedIn central_asia,central_asia locatedIn asia,
neighborOf kazakhstan turkmenistan,kazakhstan neighborOf uzbekistan,uzbekistan neighborOf turkmenistan,
neighborOf kazakhstan china,kazakhstan neighborOf russia,russia neighborOf china,
neighborOf kazakhstan kyrgyzstan,kazakhstan neighborOf uzbekistan,uzbekistan neighborOf kyrgyzstan,
neighborOf kazakhstan uzbekistan,kazakhstan neighborOf turkmenistan,turkmenistan neighborOf uzbekistan,
neighborOf kazakhstan russia,kazakhstan neighborOf china,china neighborOf russia,
locatedIn uzbekistan central_asia,uzbekistan neighborOf tajikistan,tajikistan locatedIn central_asia,
locatedIn uzbekistan asia,uzbekistan locatedIn central_asia,central_asia locatedIn asia,
neighborOf uzbekistan afghanistan,uzbekistan neighborOf turkmenistan,turkmenistan neighborOf afghanistan,
neighborOf uzbekistan turkmenistan,uzbekistan neighborOf afghanistan,afghanistan neighborOf turkmenistan,
neighborOf uzbekistan kazakhstan,uzbekistan neighborOf turkmenistan,turkmenistan neighborOf kazakhstan,
neighborOf uzbekistan kyrgyzstan,uzbekistan neighborOf tajikistan,tajikistan neighborOf kyrgyzstan,
neighborOf uzbekistan tajikistan,uzbekistan neighborOf afghanistan,afghanistan neighborOf tajikistan,
locatedIn turks_and_caicos_islands caribbean,turks_and_caicos_islands locatedIn caribbean,
locatedIn turks_and_caicos_islands americas,turks_and_caicos_islands locatedIn caribbean,caribbean locatedIn americas,
locatedIn new_caledonia oceania,new_caledonia locatedIn melanesia,melanesia locatedIn oceania,
neighborOf pakistan china,pakistan neighborOf afghanistan,afghanistan neighborOf china,
neighborOf pakistan afghanistan,pakistan neighborOf iran,iran neighborOf afghanistan,
neighborOf pakistan iran,pakistan neighborOf afghanistan,afghanistan neighborOf iran,
neighborOf pakistan india,pakistan neighborOf india,
locatedIn argentina south_america,argentina neighborOf brazil,brazil locatedIn south_america,
locatedIn argentina americas,argentina locatedIn south_america,south_america locatedIn americas,
neighborOf argentina bolivia,argentina neighborOf chile,chile neighborOf bolivia,
neighborOf argentina chile,argentina neighborOf bolivia,bolivia neighborOf chile,
neighborOf argentina brazil,argentina neighborOf paraguay,paraguay neighborOf brazil,
neighborOf argentina paraguay,argentina neighborOf brazil,brazil neighborOf paraguay,
neighborOf argentina uruguay,argentina neighborOf brazil,brazil neighborOf uruguay,
locatedIn cuba americas,cuba locatedIn caribbean,caribbean locatedIn americas,
neighborOf serbia macedonia,serbia neighborOf bulgaria,bulgaria neighborOf macedonia,
neighborOf serbia montenegro,serbia neighborOf kosovo,kosovo neighborOf montenegro,
neighborOf serbia kosovo,serbia neighborOf montenegro,montenegro neighborOf kosovo,
neighborOf serbia bosnia_and_herzegovina,serbia neighborOf montenegro,montenegro neighborOf bosnia_and_herzegovina,
neighborOf serbia croatia,serbia neighborOf hungary,hungary neighborOf croatia,
neighborOf serbia hungary,serbia neighborOf croatia,croatia neighborOf hungary,
neighborOf serbia bulgaria,serbia neighborOf macedonia,macedonia neighborOf bulgaria,
neighborOf serbia romania,serbia neighborOf hungary,hungary neighborOf romania,
locatedIn czechia eastern_europe,czechia locatedIn eastern_europe,
locatedIn czechia europe,czechia locatedIn eastern_europe,eastern_europe locatedIn europe,
neighborOf czechia germany,czechia neighborOf austria,austria neighborOf germany,
neighborOf czechia austria,czechia neighborOf germany,germany neighborOf austria,
neighborOf czechia poland,czechia neighborOf germany,germany neighborOf poland,
neighborOf czechia slovakia,czechia neighborOf austria,austria neighborOf slovakia,
locatedIn vietnam south-eastern_asia,vietnam neighborOf cambodia,cambodia locatedIn south-eastern_asia,
locatedIn vietnam asia,vietnam locatedIn south-eastern_asia,south-eastern_asia locatedIn asia,
neighborOf vietnam cambodia,vietnam neighborOf laos,laos neighborOf cambodia,
neighborOf vietnam laos,vietnam neighborOf cambodia,cambodia neighborOf laos,
neighborOf vietnam china,vietnam neighborOf laos,laos neighborOf china,
locatedIn niue polynesia,niue locatedIn polynesia,
locatedIn niue oceania,niue locatedIn polynesia,polynesia locatedIn oceania,
locatedIn canada americas,canada locatedIn northern_america,northern_america locatedIn americas,
neighborOf slovakia poland,slovakia neighborOf ukraine,ukraine neighborOf poland,
neighborOf slovakia austria,slovakia neighborOf hungary,hungary neighborOf austria,
neighborOf slovakia hungary,slovakia neighborOf austria,austria neighborOf hungary,
neighborOf slovakia czechia,slovakia neighborOf poland,poland neighborOf czechia,
neighborOf mozambique tanzania,mozambique neighborOf zambia,zambia neighborOf tanzania,
neighborOf mozambique swaziland,mozambique neighborOf south_africa,south_africa neighborOf swaziland,
neighborOf mozambique zimbabwe,mozambique neighborOf south_africa,south_africa neighborOf zimbabwe,
neighborOf mozambique zambia,mozambique neighborOf zimbabwe,zimbabwe neighborOf zambia,
neighborOf mozambique malawi,mozambique neighborOf zambia,zambia neighborOf malawi,
neighborOf mozambique south_africa,mozambique neighborOf swaziland,swaziland neighborOf south_africa,
locatedIn aruba caribbean,aruba locatedIn caribbean,
locatedIn aruba americas,aruba locatedIn caribbean,caribbean locatedIn americas,
locatedIn bolivia south_america,bolivia neighborOf argentina,argentina locatedIn south_america,
locatedIn bolivia americas,bolivia locatedIn south_america,south_america locatedIn americas,
neighborOf bolivia chile,bolivia neighborOf argentina,argentina neighborOf chile,
neighborOf bolivia brazil,bolivia neighborOf peru,peru neighborOf brazil,
neighborOf bolivia paraguay,bolivia neighborOf brazil,brazil neighborOf paraguay,
neighborOf bolivia argentina,bolivia neighborOf brazil,brazil neighborOf argentina,
neighborOf bolivia peru,bolivia neighborOf chile,chile neighborOf peru,
locatedIn colombia south_america,colombia neighborOf peru,peru locatedIn south_america,
locatedIn colombia americas,colombia locatedIn south_america,south_america locatedIn americas,
neighborOf colombia ecuador,colombia neighborOf peru,peru neighborOf ecuador,
neighborOf colombia brazil,colombia neighborOf venezuela,venezuela neighborOf brazil,
neighborOf colombia venezuela,colombia neighborOf brazil,brazil neighborOf venezuela,
neighborOf colombia peru,colombia neighborOf brazil,brazil neighborOf peru,
locatedIn fiji oceania,fiji locatedIn melanesia,melanesia locatedIn oceania,
neighborOf republic_of_the_congo gabon,republic_of_the_congo neighborOf cameroon,cameroon neighborOf gabon,
neighborOf republic_of_the_congo dr_congo,republic_of_the_congo neighborOf angola,angola neighborOf dr_congo,
neighborOf republic_of_the_congo angola,republic_of_the_congo neighborOf dr_congo,dr_congo neighborOf angola,
neighborOf republic_of_the_congo cameroon,republic_of_the_congo neighborOf central_african_republic,central_african_republic neighborOf cameroon,
neighborOf republic_of_the_congo central_african_republic,republic_of_the_congo neighborOf cameroon,cameroon neighborOf central_african_republic,
neighborOf saudi_arabia united_arab_emirates,saudi_arabia neighborOf oman,oman neighborOf united_arab_emirates,
neighborOf saudi_arabia jordan,saudi_arabia neighborOf iraq,iraq neighborOf jordan,
neighborOf saudi_arabia yemen,saudi_arabia neighborOf oman,oman neighborOf yemen,
neighborOf saudi_arabia oman,saudi_arabia neighborOf united_arab_emirates,united_arab_emirates neighborOf oman,
neighborOf saudi_arabia kuwait,saudi_arabia neighborOf iraq,iraq neighborOf kuwait,
neighborOf saudi_arabia iraq,saudi_arabia neighborOf kuwait,kuwait neighborOf iraq,
locatedIn el_salvador central_america,el_salvador neighborOf honduras,honduras locatedIn central_america,
locatedIn el_salvador americas,el_salvador locatedIn central_america,central_america locatedIn americas,
neighborOf el_salvador guatemala,el_salvador neighborOf honduras,honduras neighborOf guatemala,
neighborOf el_salvador honduras,el_salvador neighborOf guatemala,guatemala neighborOf honduras,
locatedIn madagascar africa,madagascar locatedIn eastern_africa,eastern_africa locatedIn africa,
locatedIn australia oceania,australia locatedIn australia_and_new_zealand,australia_and_new_zealand locatedIn oceania,
locatedIn namibia southern_africa,namibia neighborOf south_africa,south_africa locatedIn southern_africa,
locatedIn namibia africa,namibia locatedIn southern_africa,southern_africa locatedIn africa,
neighborOf namibia angola,namibia neighborOf zambia,zambia neighborOf angola,
neighborOf namibia botswana,namibia neighborOf south_africa,south_africa neighborOf botswana,
locatedIn tuvalu polynesia,tuvalu locatedIn polynesia,
locatedIn tuvalu oceania,tuvalu locatedIn polynesia,polynesia locatedIn oceania,
locatedIn svalbard_and_jan_mayen europe,svalbard_and_jan_mayen locatedIn northern_europe,northern_europe locatedIn europe,
locatedIn isle_of_man europe,isle_of_man locatedIn northern_europe,northern_europe locatedIn europe,
neighborOf guyana brazil,guyana neighborOf venezuela,venezuela neighborOf brazil,
neighborOf guyana suriname,guyana neighborOf brazil,brazil neighborOf suriname,
neighborOf guyana venezuela,guyana neighborOf brazil,brazil neighborOf venezuela,
locatedIn vatican_city southern_europe,vatican_city neighborOf italy,italy locatedIn southern_europe,
locatedIn vatican_city europe,vatican_city locatedIn southern_europe,southern_europe locatedIn europe,
locatedIn british_indian_ocean_territory africa,british_indian_ocean_territory locatedIn eastern_africa,eastern_africa locatedIn africa,
locatedIn nigeria western_africa,nigeria neighborOf niger,niger locatedIn western_africa,
locatedIn nigeria africa,nigeria locatedIn western_africa,western_africa locatedIn africa,
neighborOf nigeria chad,nigeria neighborOf niger,niger neighborOf chad,
neighborOf nigeria niger,nigeria neighborOf chad,chad neighborOf niger,
neighborOf nigeria cameroon,nigeria neighborOf chad,chad neighborOf cameroon,
neighborOf germany netherlands,germany neighborOf belgium,belgium neighborOf netherlands,
neighborOf germany poland,germany neighborOf czechia,czechia neighborOf poland,
neighborOf germany luxembourg,germany neighborOf france,france neighborOf luxembourg,
neighborOf germany belgium,germany neighborOf luxembourg,luxembourg neighborOf belgium,
neighborOf germany switzerland,germany neighborOf austria,austria neighborOf switzerland,
neighborOf germany austria,germany neighborOf switzerland,switzerland neighborOf austria,
neighborOf germany france,germany neighborOf switzerland,switzerland neighborOf france,
neighborOf germany czechia,germany neighborOf austria,austria neighborOf czechia,
neighborOf burkina_faso togo,burkina_faso neighborOf benin,benin neighborOf togo,
neighborOf burkina_faso benin,burkina_faso neighborOf togo,togo neighborOf benin,
neighborOf burkina_faso niger,burkina_faso neighborOf mali,mali neighborOf niger,
neighborOf burkina_faso ghana,burkina_faso neighborOf ivory_coast,ivory_coast neighborOf ghana,
neighborOf burkina_faso mali,burkina_faso neighborOf niger,niger neighborOf mali,
neighborOf burkina_faso ivory_coast,burkina_faso neighborOf ghana,ghana neighborOf ivory_coast,
neighborOf tanzania uganda,tanzania neighborOf kenya,kenya neighborOf uganda,
neighborOf tanzania mozambique,tanzania neighborOf zambia,zambia neighborOf mozambique,
neighborOf tanzania dr_congo,tanzania neighborOf zambia,zambia neighborOf dr_congo,
neighborOf tanzania kenya,tanzania neighborOf uganda,uganda neighborOf kenya,
neighborOf tanzania rwanda,tanzania neighborOf burundi,burundi neighborOf rwanda,
neighborOf tanzania zambia,tanzania neighborOf malawi,malawi neighborOf zambia,
neighborOf tanzania malawi,tanzania neighborOf mozambique,mozambique neighborOf malawi,
neighborOf tanzania burundi,tanzania neighborOf rwanda,rwanda neighborOf burundi,
locatedIn northern_mariana_islands micronesia,northern_mariana_islands locatedIn micronesia,
locatedIn northern_mariana_islands oceania,northern_mariana_islands locatedIn micronesia,micronesia locatedIn oceania,
locatedIn belize central_america,belize locatedIn central_america,
locatedIn belize americas,belize locatedIn central_america,central_america locatedIn americas,
neighborOf belize guatemala,belize neighborOf mexico,mexico neighborOf guatemala,
neighborOf belize mexico,belize neighborOf guatemala,guatemala neighborOf mexico,
neighborOf norway sweden,norway neighborOf finland,finland neighborOf sweden,
neighborOf norway finland,norway neighborOf russia,russia neighborOf finland,
neighborOf norway russia,norway neighborOf finland,finland neighborOf russia,
locatedIn laos south-eastern_asia,laos neighborOf vietnam,vietnam locatedIn south-eastern_asia,
locatedIn laos asia,laos locatedIn south-eastern_asia,south-eastern_asia locatedIn asia,
neighborOf laos china,laos neighborOf myanmar,myanmar neighborOf china,
neighborOf laos cambodia,laos neighborOf thailand,thailand neighborOf cambodia,
neighborOf laos myanmar,laos neighborOf thailand,thailand neighborOf myanmar,
neighborOf laos vietnam,laos neighborOf china,china neighborOf vietnam,
neighborOf laos thailand,laos neighborOf cambodia,cambodia neighborOf thailand,
locatedIn western_sahara northern_africa,western_sahara neighborOf algeria,algeria locatedIn northern_africa,
locatedIn western_sahara africa,western_sahara locatedIn northern_africa,northern_africa locatedIn africa,
neighborOf western_sahara algeria,western_sahara neighborOf morocco,morocco neighborOf algeria,
neighborOf western_sahara mauritania,western_sahara neighborOf algeria,algeria neighborOf mauritania,
neighborOf western_sahara morocco,western_sahara neighborOf algeria,algeria neighborOf morocco,
locatedIn suriname south_america,suriname neighborOf brazil,brazil locatedIn south_america,
locatedIn suriname americas,suriname locatedIn south_america,south_america locatedIn americas,
neighborOf suriname brazil,suriname neighborOf french_guiana,french_guiana neighborOf brazil,
neighborOf suriname french_guiana,suriname neighborOf brazil,brazil neighborOf french_guiana,
neighborOf suriname guyana,suriname neighborOf brazil,brazil neighborOf guyana,
locatedIn christmas_island oceania,christmas_island locatedIn australia_and_new_zealand,australia_and_new_zealand locatedIn oceania,
locatedIn são_tomé_and_príncipe middle_africa,são_tomé_and_príncipe locatedIn middle_africa,
locatedIn são_tomé_and_príncipe africa,são_tomé_and_príncipe locatedIn middle_africa,middle_africa locatedIn africa,
neighborOf egypt libya,egypt neighborOf libya,
neighborOf egypt sudan,egypt neighborOf libya,libya neighborOf sudan,
neighborOf bulgaria macedonia,bulgaria neighborOf greece,greece neighborOf macedonia,
neighborOf bulgaria serbia,bulgaria neighborOf romania,romania neighborOf serbia,
neighborOf bulgaria romania,bulgaria neighborOf serbia,serbia neighborOf romania,
locatedIn guinea western_africa,guinea neighborOf senegal,senegal locatedIn western_africa,
locatedIn guinea africa,guinea locatedIn western_africa,western_africa locatedIn africa,
neighborOf guinea guinea-bissau,guinea neighborOf senegal,senegal neighborOf guinea-bissau,
neighborOf guinea sierra_leone,guinea neighborOf liberia,liberia neighborOf sierra_leone,
neighborOf guinea mali,guinea neighborOf senegal,senegal neighborOf mali,
neighborOf guinea liberia,guinea neighborOf ivory_coast,ivory_coast neighborOf liberia,
neighborOf guinea senegal,guinea neighborOf mali,mali neighborOf senegal,
neighborOf spain andorra,spain neighborOf france,france neighborOf andorra,
neighborOf spain france,spain neighborOf andorra,andorra neighborOf france,
locatedIn costa_rica central_america,costa_rica neighborOf panama,panama locatedIn central_america,
locatedIn costa_rica americas,costa_rica locatedIn central_america,central_america locatedIn americas,
locatedIn malta europe,malta locatedIn southern_europe,southern_europe locatedIn europe,
locatedIn portugal europe,portugal locatedIn southern_europe,southern_europe locatedIn europe,
neighborOf portugal spain,portugal neighborOf spain,
locatedIn romania eastern_europe,romania neighborOf ukraine,ukraine locatedIn eastern_europe,
locatedIn romania europe,romania locatedIn eastern_europe,eastern_europe locatedIn europe,
neighborOf romania hungary,romania neighborOf serbia,serbia neighborOf hungary,
neighborOf romania bulgaria,romania neighborOf serbia,serbia neighborOf bulgaria,
neighborOf romania serbia,romania neighborOf hungary,hungary neighborOf serbia,
locatedIn san_marino southern_europe,san_marino neighborOf italy,italy locatedIn southern_europe,
locatedIn san_marino europe,san_marino locatedIn southern_europe,southern_europe locatedIn europe,
locatedIn mauritania africa,mauritania locatedIn western_africa,western_africa locatedIn africa,
neighborOf mauritania algeria,mauritania neighborOf mali,mali neighborOf algeria,
neighborOf mauritania mali,mauritania neighborOf algeria,algeria neighborOf mali,
neighborOf mauritania western_sahara,mauritania neighborOf algeria,algeria neighborOf western_sahara,
neighborOf mauritania senegal,mauritania neighborOf mali,mali neighborOf senegal,
locatedIn trinidad_and_tobago caribbean,trinidad_and_tobago locatedIn caribbean,
locatedIn trinidad_and_tobago americas,trinidad_and_tobago locatedIn caribbean,caribbean locatedIn americas,
locatedIn bahrain asia,bahrain locatedIn western_asia,western_asia locatedIn asia,
neighborOf myanmar india,myanmar neighborOf bangladesh,bangladesh neighborOf india,
neighborOf myanmar bangladesh,myanmar neighborOf india,india neighborOf bangladesh,
neighborOf myanmar china,myanmar neighborOf laos,laos neighborOf china,
neighborOf myanmar laos,myanmar neighborOf thailand,thailand neighborOf laos,
neighborOf iraq turkey,iraq neighborOf syria,syria neighborOf turkey,
neighborOf iraq saudi_arabia,iraq neighborOf jordan,jordan neighborOf saudi_arabia,
neighborOf iraq iran,iraq neighborOf turkey,turkey neighborOf iran,
neighborOf iraq jordan,iraq neighborOf saudi_arabia,saudi_arabia neighborOf jordan,
neighborOf iraq kuwait,iraq neighborOf saudi_arabia,saudi_arabia neighborOf kuwait,
neighborOf iraq syria,iraq neighborOf turkey,turkey neighborOf syria,
locatedIn south_georgia americas,south_georgia locatedIn south_america,south_america locatedIn americas,
locatedIn iceland europe,iceland locatedIn northern_europe,northern_europe locatedIn europe,
locatedIn dr_congo middle_africa,dr_congo neighborOf angola,angola locatedIn middle_africa,
locatedIn dr_congo africa,dr_congo locatedIn middle_africa,middle_africa locatedIn africa,
neighborOf dr_congo uganda,dr_congo neighborOf rwanda,rwanda neighborOf uganda,
neighborOf dr_congo tanzania,dr_congo neighborOf uganda,uganda neighborOf tanzania,
neighborOf dr_congo republic_of_the_congo,dr_congo neighborOf central_african_republic,central_african_republic neighborOf republic_of_the_congo,
neighborOf dr_congo central_african_republic,dr_congo neighborOf south_sudan,south_sudan neighborOf central_african_republic,
neighborOf dr_congo angola,dr_congo neighborOf zambia,zambia neighborOf angola,
neighborOf dr_congo rwanda,dr_congo neighborOf tanzania,tanzania neighborOf rwanda,
neighborOf dr_congo south_sudan,dr_congo neighborOf uganda,uganda neighborOf south_sudan,
neighborOf dr_congo zambia,dr_congo neighborOf tanzania,tanzania neighborOf zambia,
neighborOf dr_congo burundi,dr_congo neighborOf rwanda,rwanda neighborOf burundi,
locatedIn seychelles africa,seychelles locatedIn eastern_africa,eastern_africa locatedIn africa,
neighborOf kyrgyzstan china,kyrgyzstan neighborOf china,
neighborOf kyrgyzstan tajikistan,kyrgyzstan neighborOf china,china neighborOf tajikistan,
neighborOf kyrgyzstan uzbekistan,kyrgyzstan neighborOf kazakhstan,kazakhstan neighborOf uzbekistan,
locatedIn botswana southern_africa,botswana neighborOf south_africa,south_africa locatedIn southern_africa,
locatedIn botswana africa,botswana locatedIn southern_africa,southern_africa locatedIn africa,
neighborOf botswana zimbabwe,botswana neighborOf zambia,zambia neighborOf zimbabwe,
neighborOf botswana namibia,botswana neighborOf zambia,zambia neighborOf namibia,
neighborOf botswana south_africa,botswana neighborOf zimbabwe,zimbabwe neighborOf south_africa,
locatedIn faroe_islands europe,faroe_islands locatedIn northern_europe,northern_europe locatedIn europe,
locatedIn jamaica caribbean,jamaica locatedIn caribbean,
locatedIn jamaica americas,jamaica locatedIn caribbean,caribbean locatedIn americas,
locatedIn american_samoa polynesia,american_samoa locatedIn polynesia,
locatedIn american_samoa oceania,american_samoa locatedIn polynesia,polynesia locatedIn oceania,
locatedIn lesotho africa,lesotho locatedIn southern_africa,southern_africa locatedIn africa,
locatedIn belgium western_europe,belgium neighborOf luxembourg,luxembourg locatedIn western_europe,
locatedIn belgium europe,belgium locatedIn western_europe,western_europe locatedIn europe,
neighborOf belgium germany,belgium neighborOf luxembourg,luxembourg neighborOf germany,
neighborOf belgium luxembourg,belgium neighborOf germany,germany neighborOf luxembourg,
neighborOf belgium france,belgium neighborOf germany,germany neighborOf france,
neighborOf belgium netherlands,belgium neighborOf germany,germany neighborOf netherlands,
locatedIn qatar asia,qatar locatedIn western_asia,western_asia locatedIn asia,
locatedIn solomon_islands oceania,solomon_islands locatedIn melanesia,melanesia locatedIn oceania,
locatedIn syria western_asia,syria neighborOf israel,israel locatedIn western_asia,
locatedIn syria asia,syria locatedIn western_asia,western_asia locatedIn asia,
neighborOf syria israel,syria neighborOf jordan,jordan neighborOf israel,
neighborOf syria turkey,syria neighborOf iraq,iraq neighborOf turkey,
neighborOf syria jordan,syria neighborOf iraq,iraq neighborOf jordan,
neighborOf syria lebanon,syria neighborOf israel,israel neighborOf lebanon,
neighborOf syria iraq,syria neighborOf turkey,turkey neighborOf iraq,
locatedIn india southern_asia,india neighborOf nepal,nepal locatedIn southern_asia,
locatedIn india asia,india locatedIn southern_asia,southern_asia locatedIn asia,
neighborOf india afghanistan,india neighborOf pakistan,pakistan neighborOf afghanistan,
neighborOf india bhutan,india neighborOf china,china neighborOf bhutan,
neighborOf india bangladesh,india neighborOf myanmar,myanmar neighborOf bangladesh,
neighborOf india china,india neighborOf afghanistan,afghanistan neighborOf china,
neighborOf india myanmar,india neighborOf bangladesh,bangladesh neighborOf myanmar,
neighborOf india pakistan,india neighborOf china,china neighborOf pakistan,
neighborOf morocco algeria,morocco neighborOf western_sahara,western_sahara neighborOf algeria,
neighborOf morocco western_sahara,morocco neighborOf algeria,algeria neighborOf western_sahara,
locatedIn kenya eastern_africa,kenya neighborOf ethiopia,ethiopia locatedIn eastern_africa,
locatedIn kenya africa,kenya locatedIn eastern_africa,eastern_africa locatedIn africa,
neighborOf kenya uganda,kenya neighborOf south_sudan,south_sudan neighborOf uganda,
neighborOf kenya tanzania,kenya neighborOf uganda,uganda neighborOf tanzania,
neighborOf kenya somalia,kenya neighborOf ethiopia,ethiopia neighborOf somalia,
neighborOf kenya ethiopia,kenya neighborOf south_sudan,south_sudan neighborOf ethiopia,
locatedIn south_sudan middle_africa,south_sudan neighborOf dr_congo,dr_congo locatedIn middle_africa,
locatedIn south_sudan africa,south_sudan locatedIn middle_africa,middle_africa locatedIn africa,
neighborOf south_sudan uganda,south_sudan neighborOf kenya,kenya neighborOf uganda,
neighborOf south_sudan dr_congo,south_sudan neighborOf central_african_republic,central_african_republic neighborOf dr_congo,
neighborOf south_sudan kenya,south_sudan neighborOf uganda,uganda neighborOf kenya,
neighborOf south_sudan central_african_republic,south_sudan neighborOf sudan,sudan neighborOf central_african_republic,
neighborOf south_sudan sudan,south_sudan neighborOf ethiopia,ethiopia neighborOf sudan,
neighborOf south_sudan ethiopia,south_sudan neighborOf kenya,kenya neighborOf ethiopia,
neighborOf ghana burkina_faso,ghana neighborOf ivory_coast,ivory_coast neighborOf burkina_faso,
neighborOf ghana ivory_coast,ghana neighborOf burkina_faso,burkina_faso neighborOf ivory_coast,
neighborOf ghana togo,ghana neighborOf burkina_faso,burkina_faso neighborOf togo,
locatedIn tajikistan central_asia,tajikistan neighborOf uzbekistan,uzbekistan locatedIn central_asia,
locatedIn tajikistan asia,tajikistan locatedIn central_asia,central_asia locatedIn asia,
neighborOf tajikistan china,tajikistan neighborOf kyrgyzstan,kyrgyzstan neighborOf china,
neighborOf tajikistan kyrgyzstan,tajikistan neighborOf uzbekistan,uzbekistan neighborOf kyrgyzstan,
neighborOf tajikistan afghanistan,tajikistan neighborOf uzbekistan,uzbekistan neighborOf afghanistan,
neighborOf tajikistan uzbekistan,tajikistan neighborOf afghanistan,afghanistan neighborOf uzbekistan,
locatedIn marshall_islands micronesia,marshall_islands locatedIn micronesia,
locatedIn marshall_islands oceania,marshall_islands locatedIn micronesia,micronesia locatedIn oceania,
locatedIn cameroon middle_africa,cameroon neighborOf chad,chad locatedIn middle_africa,
locatedIn cameroon africa,cameroon locatedIn middle_africa,middle_africa locatedIn africa,
neighborOf cameroon chad,cameroon neighborOf nigeria,nigeria neighborOf chad,
neighborOf cameroon republic_of_the_congo,cameroon neighborOf gabon,gabon neighborOf republic_of_the_congo,
neighborOf cameroon gabon,cameroon neighborOf republic_of_the_congo,republic_of_the_congo neighborOf gabon,
neighborOf cameroon equatorial_guinea,cameroon neighborOf gabon,gabon neighborOf equatorial_guinea,
neighborOf cameroon central_african_republic,cameroon neighborOf republic_of_the_congo,republic_of_the_congo neighborOf central_african_republic,
neighborOf cameroon nigeria,cameroon neighborOf chad,chad neighborOf nigeria,
locatedIn nauru micronesia,nauru locatedIn micronesia,
locatedIn nauru oceania,nauru locatedIn micronesia,micronesia locatedIn oceania,
neighborOf thailand cambodia,thailand neighborOf laos,laos neighborOf cambodia,
neighborOf thailand myanmar,thailand neighborOf laos,laos neighborOf myanmar,
neighborOf thailand laos,thailand neighborOf cambodia,cambodia neighborOf laos,
neighborOf sudan chad,sudan neighborOf central_african_republic,central_african_republic neighborOf chad,
neighborOf sudan libya,sudan neighborOf libya,
neighborOf sudan south_sudan,sudan neighborOf central_african_republic,central_african_republic neighborOf south_sudan,
neighborOf sudan central_african_republic,sudan neighborOf south_sudan,south_sudan neighborOf central_african_republic,
neighborOf sudan egypt,sudan neighborOf libya,libya neighborOf egypt,
neighborOf sudan ethiopia,sudan neighborOf south_sudan,south_sudan neighborOf ethiopia,
locatedIn chad middle_africa,chad neighborOf south_sudan,south_sudan locatedIn middle_africa,
locatedIn chad africa,chad locatedIn middle_africa,middle_africa locatedIn africa,
neighborOf chad libya,chad neighborOf niger,niger neighborOf libya,
neighborOf chad niger,chad neighborOf libya,libya neighborOf niger,
neighborOf chad south_sudan,chad neighborOf central_african_republic,central_african_republic neighborOf south_sudan,
neighborOf chad cameroon,chad neighborOf nigeria,nigeria neighborOf cameroon,
neighborOf chad central_african_republic,chad neighborOf cameroon,cameroon neighborOf central_african_republic,
neighborOf chad nigeria,chad neighborOf niger,niger neighborOf nigeria,
locatedIn vanuatu oceania,vanuatu locatedIn melanesia,melanesia locatedIn oceania,
locatedIn cape_verde africa,cape_verde locatedIn western_africa,western_africa locatedIn africa,
locatedIn falkland_islands americas,falkland_islands locatedIn south_america,south_america locatedIn americas,
locatedIn liberia western_africa,liberia neighborOf ivory_coast,ivory_coast locatedIn western_africa,
locatedIn liberia africa,liberia locatedIn western_africa,western_africa locatedIn africa,
neighborOf liberia ivory_coast,liberia neighborOf guinea,guinea neighborOf ivory_coast,
neighborOf liberia sierra_leone,liberia neighborOf guinea,guinea neighborOf sierra_leone,
neighborOf liberia guinea,liberia neighborOf ivory_coast,ivory_coast neighborOf guinea,
locatedIn cambodia south-eastern_asia,cambodia neighborOf laos,laos locatedIn south-eastern_asia,
locatedIn cambodia asia,cambodia locatedIn south-eastern_asia,south-eastern_asia locatedIn asia,
neighborOf cambodia vietnam,cambodia neighborOf laos,laos neighborOf vietnam,
neighborOf cambodia thailand,cambodia neighborOf laos,laos neighborOf thailand,
neighborOf cambodia laos,cambodia neighborOf vietnam,vietnam neighborOf laos,
neighborOf zimbabwe zambia,zimbabwe neighborOf botswana,botswana neighborOf zambia,
neighborOf zimbabwe south_africa,zimbabwe neighborOf botswana,botswana neighborOf south_africa,
neighborOf zimbabwe botswana,zimbabwe neighborOf south_africa,south_africa neighborOf botswana,
neighborOf zimbabwe mozambique,zimbabwe neighborOf south_africa,south_africa neighborOf mozambique,
locatedIn comoros africa,comoros locatedIn eastern_africa,eastern_africa locatedIn africa,
locatedIn guam micronesia,guam locatedIn micronesia,
locatedIn guam oceania,guam locatedIn micronesia,micronesia locatedIn oceania,
locatedIn bahamas caribbean,bahamas locatedIn caribbean,
locatedIn bahamas americas,bahamas locatedIn caribbean,caribbean locatedIn americas,
locatedIn lebanon western_asia,lebanon neighborOf israel,israel locatedIn western_asia,
locatedIn lebanon asia,lebanon locatedIn western_asia,western_asia locatedIn asia,
neighborOf lebanon israel,lebanon neighborOf syria,syria neighborOf israel,
neighborOf lebanon syria,lebanon neighborOf israel,israel neighborOf syria,
locatedIn sint_maarten caribbean,sint_maarten neighborOf saint_martin,saint_martin locatedIn caribbean,
locatedIn sint_maarten americas,sint_maarten locatedIn caribbean,caribbean locatedIn americas,
locatedIn ethiopia eastern_africa,ethiopia neighborOf somalia,somalia locatedIn eastern_africa,
locatedIn ethiopia africa,ethiopia locatedIn eastern_africa,eastern_africa locatedIn africa,
neighborOf ethiopia somalia,ethiopia neighborOf djibouti,djibouti neighborOf somalia,
neighborOf ethiopia kenya,ethiopia neighborOf south_sudan,south_sudan neighborOf kenya,
neighborOf ethiopia eritrea,ethiopia neighborOf djibouti,djibouti neighborOf eritrea,
neighborOf ethiopia south_sudan,ethiopia neighborOf sudan,sudan neighborOf south_sudan,
neighborOf ethiopia djibouti,ethiopia neighborOf somalia,somalia neighborOf djibouti,
neighborOf ethiopia sudan,ethiopia neighborOf eritrea,eritrea neighborOf sudan,
locatedIn united_states_virgin_islands caribbean,united_states_virgin_islands locatedIn caribbean,
locatedIn united_states_virgin_islands americas,united_states_virgin_islands locatedIn caribbean,caribbean locatedIn americas,
locatedIn guinea-bissau western_africa,guinea-bissau neighborOf guinea,guinea locatedIn western_africa,
locatedIn guinea-bissau africa,guinea-bissau locatedIn western_africa,western_africa locatedIn africa,
neighborOf guinea-bissau guinea,guinea-bissau neighborOf senegal,senegal neighborOf guinea,
neighborOf guinea-bissau senegal,guinea-bissau neighborOf guinea,guinea neighborOf senegal,
locatedIn libya northern_africa,libya neighborOf algeria,algeria locatedIn northern_africa,
locatedIn libya africa,libya locatedIn northern_africa,northern_africa locatedIn africa,
neighborOf libya chad,libya neighborOf sudan,sudan neighborOf chad,
neighborOf libya tunisia,libya neighborOf algeria,algeria neighborOf tunisia,
neighborOf libya niger,libya neighborOf chad,chad neighborOf niger,
neighborOf libya algeria,libya neighborOf tunisia,tunisia neighborOf algeria,
neighborOf libya egypt,libya neighborOf sudan,sudan neighborOf egypt,
neighborOf libya sudan,libya neighborOf egypt,egypt neighborOf sudan,
locatedIn bhutan southern_asia,bhutan neighborOf india,india locatedIn southern_asia,
locatedIn bhutan asia,bhutan locatedIn southern_asia,southern_asia locatedIn asia,
neighborOf bhutan china,bhutan neighborOf china,
neighborOf bhutan india,bhutan neighborOf china,china neighborOf india,
locatedIn macau eastern_asia,macau neighborOf china,china locatedIn eastern_asia,
locatedIn macau asia,macau locatedIn eastern_asia,eastern_asia locatedIn asia,
locatedIn french_polynesia polynesia,french_polynesia locatedIn polynesia,
locatedIn french_polynesia oceania,french_polynesia locatedIn polynesia,polynesia locatedIn oceania,
locatedIn somalia eastern_africa,somalia neighborOf kenya,kenya locatedIn eastern_africa,
locatedIn somalia africa,somalia locatedIn eastern_africa,eastern_africa locatedIn africa,
neighborOf somalia djibouti,somalia neighborOf ethiopia,ethiopia neighborOf djibouti,
neighborOf somalia kenya,somalia neighborOf ethiopia,ethiopia neighborOf kenya,
neighborOf somalia ethiopia,somalia neighborOf djibouti,djibouti neighborOf ethiopia,
locatedIn saint_barthélemy caribbean,saint_barthélemy locatedIn caribbean,
locatedIn saint_barthélemy americas,saint_barthélemy locatedIn caribbean,caribbean locatedIn americas,
locatedIn russia eastern_europe,russia neighborOf ukraine,ukraine locatedIn eastern_europe,
locatedIn russia europe,russia locatedIn eastern_europe,eastern_europe locatedIn europe,
neighborOf russia belarus,russia neighborOf poland,poland neighborOf belarus,
neighborOf russia china,russia neighborOf kazakhstan,kazakhstan neighborOf china,
neighborOf russia kazakhstan,russia neighborOf china,china neighborOf kazakhstan,
neighborOf russia norway,russia neighborOf finland,finland neighborOf norway,
neighborOf russia poland,russia neighborOf belarus,belarus neighborOf poland,
neighborOf russia azerbaijan,russia neighborOf georgia,georgia neighborOf azerbaijan,
neighborOf russia lithuania,russia neighborOf poland,poland neighborOf lithuania,
neighborOf russia estonia,russia neighborOf latvia,latvia neighborOf estonia,
neighborOf russia finland,russia neighborOf norway,norway neighborOf finland,
neighborOf russia mongolia,russia neighborOf china,china neighborOf mongolia,
neighborOf russia latvia,russia neighborOf lithuania,lithuania neighborOf latvia,
neighborOf russia georgia,russia neighborOf azerbaijan,azerbaijan neighborOf georgia,
locatedIn new_zealand oceania,new_zealand locatedIn australia_and_new_zealand,australia_and_new_zealand locatedIn oceania,
locatedIn panama central_america,panama neighborOf costa_rica,costa_rica locatedIn central_america,
locatedIn panama americas,panama locatedIn central_america,central_america locatedIn americas,
locatedIn papua_new_guinea oceania,papua_new_guinea locatedIn melanesia,melanesia locatedIn oceania,
neighborOf north_korea china,north_korea neighborOf russia,russia neighborOf china,
neighborOf north_korea russia,north_korea neighborOf china,china neighborOf russia,
locatedIn latvia northern_europe,latvia neighborOf lithuania,lithuania locatedIn northern_europe,
locatedIn latvia europe,latvia neighborOf lithuania,lithuania locatedIn europe,
neighborOf latvia russia,latvia neighborOf lithuania,lithuania neighborOf russia,
neighborOf latvia estonia,latvia neighborOf russia,russia neighborOf estonia,
locatedIn oman western_asia,oman neighborOf yemen,yemen locatedIn western_asia,
locatedIn oman asia,oman locatedIn western_asia,western_asia locatedIn asia,
neighborOf oman saudi_arabia,oman neighborOf yemen,yemen neighborOf saudi_arabia,
neighborOf oman yemen,oman neighborOf saudi_arabia,saudi_arabia neighborOf yemen,
neighborOf oman united_arab_emirates,oman neighborOf saudi_arabia,saudi_arabia neighborOf united_arab_emirates,
locatedIn saint_pierre_and_miquelon americas,saint_pierre_and_miquelon locatedIn northern_america,northern_america locatedIn americas,
locatedIn martinique caribbean,martinique locatedIn caribbean,
locatedIn martinique americas,martinique locatedIn caribbean,caribbean locatedIn americas,
locatedIn united_kingdom northern_europe,united_kingdom neighborOf ireland,ireland locatedIn northern_europe,
locatedIn united_kingdom europe,united_kingdom locatedIn northern_europe,northern_europe locatedIn europe,
locatedIn israel western_asia,israel neighborOf syria,syria locatedIn western_asia,
locatedIn israel asia,israel locatedIn western_asia,western_asia locatedIn asia,
neighborOf israel lebanon,israel neighborOf syria,syria neighborOf lebanon,
neighborOf israel jordan,israel neighborOf syria,syria neighborOf jordan,
neighborOf israel syria,israel neighborOf lebanon,lebanon neighborOf syria,
locatedIn jersey europe,jersey locatedIn northern_europe,northern_europe locatedIn europe,
locatedIn pitcairn_islands oceania,pitcairn_islands locatedIn polynesia,polynesia locatedIn oceania,
locatedIn togo western_africa,togo neighborOf benin,benin locatedIn western_africa,
locatedIn togo africa,togo locatedIn western_africa,western_africa locatedIn africa,
neighborOf togo burkina_faso,togo neighborOf ghana,ghana neighborOf burkina_faso,
neighborOf togo benin,togo neighborOf burkina_faso,burkina_faso neighborOf benin,
locatedIn kiribati micronesia,kiribati locatedIn micronesia,
locatedIn kiribati oceania,kiribati locatedIn micronesia,micronesia locatedIn oceania,
locatedIn iran southern_asia,iran neighborOf afghanistan,afghanistan locatedIn southern_asia,
locatedIn iran asia,iran locatedIn southern_asia,southern_asia locatedIn asia,
neighborOf iran afghanistan,iran neighborOf turkmenistan,turkmenistan neighborOf afghanistan,
neighborOf iran turkmenistan,iran neighborOf afghanistan,afghanistan neighborOf turkmenistan,
neighborOf iran turkey,iran neighborOf armenia,armenia neighborOf turkey,
neighborOf iran armenia,iran neighborOf turkey,turkey neighborOf armenia,
neighborOf iran azerbaijan,iran neighborOf turkey,turkey neighborOf azerbaijan,
neighborOf iran pakistan,iran neighborOf afghanistan,afghanistan neighborOf pakistan,
neighborOf iran iraq,iran neighborOf turkey,turkey neighborOf iraq,
locatedIn saint_martin caribbean,saint_martin neighborOf sint_maarten,sint_maarten locatedIn caribbean,
locatedIn saint_martin americas,saint_martin locatedIn caribbean,caribbean locatedIn americas,
locatedIn dominican_republic caribbean,dominican_republic neighborOf haiti,haiti locatedIn caribbean,
locatedIn dominican_republic americas,dominican_republic locatedIn caribbean,caribbean locatedIn americas,
locatedIn bermuda americas,bermuda locatedIn northern_america,northern_america locatedIn americas,
neighborOf chile argentina,chile neighborOf bolivia,bolivia neighborOf argentina,
neighborOf chile bolivia,chile neighborOf argentina,argentina neighborOf bolivia,
neighborOf chile peru,chile neighborOf bolivia,bolivia neighborOf peru,
locatedIn kosovo eastern_europe,kosovo locatedIn eastern_europe,
locatedIn kosovo europe,kosovo locatedIn eastern_europe,eastern_europe locatedIn europe,
neighborOf kosovo serbia,kosovo neighborOf macedonia,macedonia neighborOf serbia,
neighborOf kosovo albania,kosovo neighborOf macedonia,macedonia neighborOf albania,
neighborOf kosovo macedonia,kosovo neighborOf serbia,serbia neighborOf macedonia,
neighborOf kosovo montenegro,kosovo neighborOf serbia,serbia neighborOf montenegro,
locatedIn saint_kitts_and_nevis americas,saint_kitts_and_nevis locatedIn caribbean,caribbean locatedIn americas,
neighborOf eritrea ethiopia,eritrea neighborOf djibouti,djibouti neighborOf ethiopia,
locatedIn equatorial_guinea middle_africa,equatorial_guinea neighborOf gabon,gabon locatedIn middle_africa,
locatedIn equatorial_guinea africa,equatorial_guinea locatedIn middle_africa,middle_africa locatedIn africa,
neighborOf equatorial_guinea gabon,equatorial_guinea neighborOf cameroon,cameroon neighborOf gabon,
neighborOf equatorial_guinea cameroon,equatorial_guinea neighborOf gabon,gabon neighborOf cameroon,
locatedIn niger western_africa,niger neighborOf benin,benin locatedIn western_africa,
locatedIn niger africa,niger locatedIn western_africa,western_africa locatedIn africa,
neighborOf niger chad,niger neighborOf nigeria,nigeria neighborOf chad,
neighborOf niger libya,niger neighborOf algeria,algeria neighborOf libya,
neighborOf niger burkina_faso,niger neighborOf benin,benin neighborOf burkina_faso,
neighborOf niger benin,niger neighborOf nigeria,nigeria neighborOf benin,
neighborOf niger mali,niger neighborOf algeria,algeria neighborOf mali,
neighborOf niger algeria,niger neighborOf mali,mali neighborOf algeria,
neighborOf niger nigeria,niger neighborOf chad,chad neighborOf nigeria,
locatedIn anguilla americas,anguilla locatedIn caribbean,caribbean locatedIn americas,
locatedIn rwanda eastern_africa,rwanda neighborOf uganda,uganda locatedIn eastern_africa,
locatedIn rwanda africa,rwanda locatedIn eastern_africa,eastern_africa locatedIn africa,
neighborOf rwanda burundi,rwanda neighborOf tanzania,tanzania neighborOf burundi,
neighborOf rwanda tanzania,rwanda neighborOf burundi,burundi neighborOf tanzania,
neighborOf rwanda uganda,rwanda neighborOf dr_congo,dr_congo neighborOf uganda,
neighborOf rwanda dr_congo,rwanda neighborOf tanzania,tanzania neighborOf dr_congo,
locatedIn united_arab_emirates western_asia,united_arab_emirates neighborOf oman,oman locatedIn western_asia,
locatedIn united_arab_emirates asia,united_arab_emirates locatedIn western_asia,western_asia locatedIn asia,
neighborOf united_arab_emirates oman,united_arab_emirates neighborOf saudi_arabia,saudi_arabia neighborOf oman,
neighborOf united_arab_emirates saudi_arabia,united_arab_emirates neighborOf oman,oman neighborOf saudi_arabia,
locatedIn estonia northern_europe,estonia neighborOf latvia,latvia locatedIn northern_europe,
locatedIn estonia europe,estonia locatedIn northern_europe,northern_europe locatedIn europe,
neighborOf estonia latvia,estonia neighborOf russia,russia neighborOf latvia,
neighborOf estonia russia,estonia neighborOf latvia,latvia neighborOf russia,
locatedIn greece southern_europe,greece neighborOf macedonia,macedonia locatedIn southern_europe,
locatedIn greece europe,greece locatedIn southern_europe,southern_europe locatedIn europe,
neighborOf greece bulgaria,greece neighborOf turkey,turkey neighborOf bulgaria,
neighborOf greece macedonia,greece neighborOf bulgaria,bulgaria neighborOf macedonia,
neighborOf greece turkey,greece neighborOf bulgaria,bulgaria neighborOf turkey,
locatedIn senegal western_africa,senegal neighborOf mali,mali locatedIn western_africa,
locatedIn senegal africa,senegal locatedIn western_africa,western_africa locatedIn africa,
neighborOf senegal guinea-bissau,senegal neighborOf guinea,guinea neighborOf guinea-bissau,
neighborOf senegal mauritania,senegal neighborOf mali,mali neighborOf mauritania,
neighborOf senegal mali,senegal neighborOf mauritania,mauritania neighborOf mali,
neighborOf senegal guinea,senegal neighborOf guinea-bissau,guinea-bissau neighborOf guinea,
locatedIn guadeloupe caribbean,guadeloupe locatedIn caribbean,
locatedIn guadeloupe americas,guadeloupe locatedIn caribbean,caribbean locatedIn americas,
neighborOf djibouti eritrea,djibouti neighborOf ethiopia,ethiopia neighborOf eritrea,
neighborOf djibouti somalia,djibouti neighborOf ethiopia,ethiopia neighborOf somalia,
neighborOf djibouti ethiopia,djibouti neighborOf eritrea,eritrea neighborOf ethiopia,
locatedIn british_virgin_islands caribbean,british_virgin_islands locatedIn caribbean,
locatedIn british_virgin_islands americas,british_virgin_islands locatedIn caribbean,caribbean locatedIn americas,
locatedIn cook_islands polynesia,cook_islands locatedIn polynesia,
locatedIn cook_islands oceania,cook_islands locatedIn polynesia,polynesia locatedIn oceania,
locatedIn uganda eastern_africa,uganda neighborOf kenya,kenya locatedIn eastern_africa,
locatedIn uganda africa,uganda locatedIn eastern_africa,eastern_africa locatedIn africa,
neighborOf uganda tanzania,uganda neighborOf dr_congo,dr_congo neighborOf tanzania,
neighborOf uganda dr_congo,uganda neighborOf south_sudan,south_sudan neighborOf dr_congo,
neighborOf uganda kenya,uganda neighborOf tanzania,tanzania neighborOf kenya,
neighborOf uganda south_sudan,uganda neighborOf dr_congo,dr_congo neighborOf south_sudan,
neighborOf uganda rwanda,uganda neighborOf tanzania,tanzania neighborOf rwanda,
locatedIn macedonia southern_europe,macedonia neighborOf greece,greece locatedIn southern_europe,
locatedIn macedonia europe,macedonia locatedIn southern_europe,southern_europe locatedIn europe,
neighborOf macedonia kosovo,macedonia neighborOf albania,albania neighborOf kosovo,
neighborOf macedonia greece,macedonia neighborOf albania,albania neighborOf greece,
neighborOf macedonia albania,macedonia neighborOf kosovo,kosovo neighborOf albania,
neighborOf macedonia serbia,macedonia neighborOf bulgaria,bulgaria neighborOf serbia,
neighborOf macedonia bulgaria,macedonia neighborOf serbia,serbia neighborOf bulgaria,
locatedIn tunisia northern_africa,tunisia neighborOf libya,libya locatedIn northern_africa,
locatedIn tunisia africa,tunisia locatedIn northern_africa,northern_africa locatedIn africa,
neighborOf tunisia libya,tunisia neighborOf algeria,algeria neighborOf libya,
neighborOf tunisia algeria,tunisia neighborOf libya,libya neighborOf algeria,
neighborOf ecuador peru,ecuador neighborOf colombia,colombia neighborOf peru,
neighborOf ecuador colombia,ecuador neighborOf peru,peru neighborOf colombia,
locatedIn brazil south_america,brazil neighborOf colombia,colombia locatedIn south_america,
locatedIn brazil americas,brazil locatedIn south_america,south_america locatedIn americas,
neighborOf brazil bolivia,brazil neighborOf paraguay,paraguay neighborOf bolivia,
neighborOf brazil colombia,brazil neighborOf peru,peru neighborOf colombia,
neighborOf brazil paraguay,brazil neighborOf argentina,argentina neighborOf paraguay,
neighborOf brazil uruguay,brazil neighborOf argentina,argentina neighborOf uruguay,
neighborOf brazil french_guiana,brazil neighborOf suriname,suriname neighborOf french_guiana,
neighborOf brazil suriname,brazil neighborOf french_guiana,french_guiana neighborOf suriname,
neighborOf brazil venezuela,brazil neighborOf guyana,guyana neighborOf venezuela,
neighborOf brazil argentina,brazil neighborOf bolivia,bolivia neighborOf argentina,
neighborOf brazil guyana,brazil neighborOf suriname,suriname neighborOf guyana,
neighborOf brazil peru,brazil neighborOf bolivia,bolivia neighborOf peru,
locatedIn paraguay south_america,paraguay neighborOf brazil,brazil locatedIn south_america,
locatedIn paraguay americas,paraguay locatedIn south_america,south_america locatedIn americas,
neighborOf paraguay argentina,paraguay neighborOf bolivia,bolivia neighborOf argentina,
neighborOf paraguay brazil,paraguay neighborOf argentina,argentina neighborOf brazil,
neighborOf paraguay bolivia,paraguay neighborOf argentina,argentina neighborOf bolivia,
locatedIn finland northern_europe,finland neighborOf sweden,sweden locatedIn northern_europe,
locatedIn finland europe,finland locatedIn northern_europe,northern_europe locatedIn europe,
neighborOf finland norway,finland neighborOf russia,russia neighborOf norway,
neighborOf finland sweden,finland neighborOf norway,norway neighborOf sweden,
neighborOf finland russia,finland neighborOf norway,norway neighborOf russia,
neighborOf jordan saudi_arabia,jordan neighborOf iraq,iraq neighborOf saudi_arabia,
neighborOf jordan israel,jordan neighborOf syria,syria neighborOf israel,
neighborOf jordan iraq,jordan neighborOf syria,syria neighborOf iraq,
neighborOf jordan syria,jordan neighborOf israel,israel neighborOf syria,
locatedIn montenegro southern_europe,montenegro neighborOf albania,albania locatedIn southern_europe,
locatedIn montenegro europe,montenegro locatedIn southern_europe,southern_europe locatedIn europe,
neighborOf montenegro kosovo,montenegro neighborOf serbia,serbia neighborOf kosovo,
neighborOf montenegro bosnia_and_herzegovina,montenegro neighborOf croatia,croatia neighborOf bosnia_and_herzegovina,
neighborOf montenegro croatia,montenegro neighborOf serbia,serbia neighborOf croatia,
neighborOf montenegro serbia,montenegro neighborOf kosovo,kosovo neighborOf serbia,
neighborOf montenegro albania,montenegro neighborOf kosovo,kosovo neighborOf albania,
locatedIn peru south_america,peru neighborOf bolivia,bolivia locatedIn south_america,
locatedIn peru americas,peru locatedIn south_america,south_america locatedIn americas,
neighborOf peru ecuador,peru neighborOf colombia,colombia neighborOf ecuador,
neighborOf peru bolivia,peru neighborOf chile,chile neighborOf bolivia,
neighborOf peru chile,peru neighborOf bolivia,bolivia neighborOf chile,
neighborOf peru brazil,peru neighborOf colombia,colombia neighborOf brazil,
neighborOf peru colombia,peru neighborOf brazil,brazil neighborOf colombia,
locatedIn montserrat caribbean,montserrat locatedIn caribbean,
locatedIn montserrat americas,montserrat locatedIn caribbean,caribbean locatedIn americas,
locatedIn ukraine eastern_europe,ukraine neighborOf romania,romania locatedIn eastern_europe,
locatedIn ukraine europe,ukraine locatedIn eastern_europe,eastern_europe locatedIn europe,
neighborOf ukraine slovakia,ukraine neighborOf poland,poland neighborOf slovakia,
neighborOf ukraine belarus,ukraine neighborOf poland,poland neighborOf belarus,
neighborOf ukraine poland,ukraine neighborOf slovakia,slovakia neighborOf poland,
neighborOf ukraine russia,ukraine neighborOf belarus,belarus neighborOf russia,
neighborOf ukraine hungary,ukraine neighborOf romania,romania neighborOf hungary,
neighborOf ukraine moldova,ukraine neighborOf romania,romania neighborOf moldova,
neighborOf ukraine romania,ukraine neighborOf hungary,hungary neighborOf romania,
locatedIn dominica caribbean,dominica locatedIn caribbean,
locatedIn dominica americas,dominica locatedIn caribbean,caribbean locatedIn americas,
neighborOf turkmenistan kazakhstan,turkmenistan neighborOf uzbekistan,uzbekistan neighborOf kazakhstan,
neighborOf turkmenistan afghanistan,turkmenistan neighborOf uzbekistan,uzbekistan neighborOf afghanistan,
neighborOf turkmenistan uzbekistan,turkmenistan neighborOf afghanistan,afghanistan neighborOf uzbekistan,
neighborOf turkmenistan iran,turkmenistan neighborOf afghanistan,afghanistan neighborOf iran,
locatedIn guernsey europe,guernsey locatedIn northern_europe,northern_europe locatedIn europe,
locatedIn gibraltar europe,gibraltar locatedIn southern_europe,southern_europe locatedIn europe,
neighborOf gibraltar spain,gibraltar neighborOf spain,
locatedIn switzerland western_europe,switzerland neighborOf austria,austria locatedIn western_europe,
locatedIn switzerland europe,switzerland locatedIn western_europe,western_europe locatedIn europe,
neighborOf switzerland germany,switzerland neighborOf austria,austria neighborOf germany,
neighborOf switzerland italy,switzerland neighborOf austria,austria neighborOf italy,
neighborOf switzerland austria,switzerland neighborOf germany,germany neighborOf austria,
neighborOf switzerland france,switzerland neighborOf germany,germany neighborOf france,
neighborOf switzerland liechtenstein,switzerland neighborOf austria,austria neighborOf liechtenstein,
locatedIn austria western_europe,austria neighborOf switzerland,switzerland locatedIn western_europe,
locatedIn austria europe,austria locatedIn western_europe,western_europe locatedIn europe,
neighborOf austria germany,austria neighborOf czechia,czechia neighborOf germany,
neighborOf austria slovakia,austria neighborOf czechia,czechia neighborOf slovakia,
neighborOf austria italy,austria neighborOf slovenia,slovenia neighborOf italy,
neighborOf austria switzerland,austria neighborOf liechtenstein,liechtenstein neighborOf switzerland,
neighborOf austria hungary,austria neighborOf slovakia,slovakia neighborOf hungary,
neighborOf austria liechtenstein,austria neighborOf switzerland,switzerland neighborOf liechtenstein,
neighborOf austria czechia,austria neighborOf germany,germany neighborOf czechia,
neighborOf hungary ukraine,hungary neighborOf slovakia,slovakia neighborOf ukraine,
neighborOf hungary slovakia,hungary neighborOf austria,austria neighborOf slovakia,
neighborOf hungary slovenia,hungary neighborOf croatia,croatia neighborOf slovenia,
neighborOf hungary croatia,hungary neighborOf slovenia,slovenia neighborOf croatia,
neighborOf hungary austria,hungary neighborOf slovakia,slovakia neighborOf austria,
neighborOf hungary serbia,hungary neighborOf croatia,croatia neighborOf serbia,
neighborOf hungary romania,hungary neighborOf serbia,serbia neighborOf romania,
locatedIn malawi africa,malawi locatedIn eastern_africa,eastern_africa locatedIn africa,
neighborOf malawi zambia,malawi neighborOf tanzania,tanzania neighborOf zambia,
neighborOf malawi tanzania,malawi neighborOf zambia,zambia neighborOf tanzania,
neighborOf malawi mozambique,malawi neighborOf zambia,zambia neighborOf mozambique,
locatedIn liechtenstein western_europe,liechtenstein neighborOf switzerland,switzerland locatedIn western_europe,
locatedIn liechtenstein europe,liechtenstein locatedIn western_europe,western_europe locatedIn europe,
neighborOf liechtenstein switzerland,liechtenstein neighborOf austria,austria neighborOf switzerland,
neighborOf liechtenstein austria,liechtenstein neighborOf switzerland,switzerland neighborOf austria,
locatedIn barbados caribbean,barbados locatedIn caribbean,
locatedIn barbados americas,barbados locatedIn caribbean,caribbean locatedIn americas,
locatedIn georgia western_asia,georgia neighborOf armenia,armenia locatedIn western_asia,
locatedIn georgia asia,georgia locatedIn western_asia,western_asia locatedIn asia,
neighborOf georgia armenia,georgia neighborOf azerbaijan,azerbaijan neighborOf armenia,
neighborOf georgia azerbaijan,georgia neighborOf armenia,armenia neighborOf azerbaijan,
neighborOf georgia russia,georgia neighborOf azerbaijan,azerbaijan neighborOf russia,
neighborOf georgia turkey,georgia neighborOf armenia,armenia neighborOf turkey,
locatedIn albania southern_europe,albania neighborOf montenegro,montenegro locatedIn southern_europe,
locatedIn albania europe,albania locatedIn southern_europe,southern_europe locatedIn europe,
neighborOf albania montenegro,albania neighborOf kosovo,kosovo neighborOf montenegro,
neighborOf albania macedonia,albania neighborOf kosovo,kosovo neighborOf macedonia,
neighborOf albania kosovo,albania neighborOf macedonia,macedonia neighborOf kosovo,
neighborOf albania greece,albania neighborOf macedonia,macedonia neighborOf greece,
locatedIn kuwait asia,kuwait locatedIn western_asia,western_asia locatedIn asia,
neighborOf kuwait saudi_arabia,kuwait neighborOf iraq,iraq neighborOf saudi_arabia,
neighborOf kuwait iraq,kuwait neighborOf saudi_arabia,saudi_arabia neighborOf iraq,
locatedIn south_africa africa,south_africa locatedIn southern_africa,southern_africa locatedIn africa,
neighborOf south_africa mozambique,south_africa neighborOf swaziland,swaziland neighborOf mozambique,
neighborOf south_africa botswana,south_africa neighborOf zimbabwe,zimbabwe neighborOf botswana,
neighborOf south_africa swaziland,south_africa neighborOf mozambique,mozambique neighborOf swaziland,
neighborOf south_africa zimbabwe,south_africa neighborOf mozambique,mozambique neighborOf zimbabwe,
neighborOf south_africa namibia,south_africa neighborOf botswana,botswana neighborOf namibia,
locatedIn haiti caribbean,haiti neighborOf dominican_republic,dominican_republic locatedIn caribbean,
locatedIn haiti americas,haiti locatedIn caribbean,caribbean locatedIn americas,
locatedIn afghanistan southern_asia,afghanistan neighborOf iran,iran locatedIn southern_asia,
locatedIn afghanistan asia,afghanistan locatedIn southern_asia,southern_asia locatedIn asia,
neighborOf afghanistan turkmenistan,afghanistan neighborOf uzbekistan,uzbekistan neighborOf turkmenistan,
neighborOf afghanistan china,afghanistan neighborOf pakistan,pakistan neighborOf china,
neighborOf afghanistan tajikistan,afghanistan neighborOf china,china neighborOf tajikistan,
neighborOf afghanistan uzbekistan,afghanistan neighborOf turkmenistan,turkmenistan neighborOf uzbekistan,
neighborOf afghanistan iran,afghanistan neighborOf turkmenistan,turkmenistan neighborOf iran,
neighborOf afghanistan pakistan,afghanistan neighborOf china,china neighborOf pakistan,
locatedIn singapore asia,singapore locatedIn south-eastern_asia,south-eastern_asia locatedIn asia,
locatedIn benin western_africa,benin neighborOf nigeria,nigeria locatedIn western_africa,
locatedIn benin africa,benin locatedIn western_africa,western_africa locatedIn africa,
neighborOf benin niger,benin neighborOf nigeria,nigeria neighborOf niger,
neighborOf benin burkina_faso,benin neighborOf niger,niger neighborOf burkina_faso,
neighborOf benin togo,benin neighborOf burkina_faso,burkina_faso neighborOf togo,
neighborOf benin nigeria,benin neighborOf niger,niger neighborOf nigeria,
locatedIn åland_islands europe,åland_islands locatedIn northern_europe,northern_europe locatedIn europe,
locatedIn croatia southern_europe,croatia neighborOf slovenia,slovenia locatedIn southern_europe,
locatedIn croatia europe,croatia locatedIn southern_europe,southern_europe locatedIn europe,
neighborOf croatia slovenia,croatia neighborOf hungary,hungary neighborOf slovenia,
neighborOf croatia bosnia_and_herzegovina,croatia neighborOf serbia,serbia neighborOf bosnia_and_herzegovina,
neighborOf croatia hungary,croatia neighborOf serbia,serbia neighborOf hungary,
neighborOf croatia serbia,croatia neighborOf bosnia_and_herzegovina,bosnia_and_herzegovina neighborOf serbia,
neighborOf croatia montenegro,croatia neighborOf bosnia_and_herzegovina,bosnia_and_herzegovina neighborOf montenegro,
locatedIn sweden northern_europe,sweden neighborOf finland,finland locatedIn northern_europe,
locatedIn sweden europe,sweden locatedIn northern_europe,northern_europe locatedIn europe,
neighborOf sweden norway,sweden neighborOf finland,finland neighborOf norway,
neighborOf sweden finland,sweden neighborOf norway,norway neighborOf finland,
neighborOf mexico belize,mexico neighborOf guatemala,guatemala neighborOf belize,
neighborOf mexico guatemala,mexico neighborOf belize,belize neighborOf guatemala,
locatedIn greenland americas,greenland locatedIn northern_america,northern_america locatedIn americas,
locatedIn norfolk_island oceania,norfolk_island locatedIn australia_and_new_zealand,australia_and_new_zealand locatedIn oceania,
locatedIn nepal southern_asia,nepal neighborOf india,india locatedIn southern_asia,
locatedIn nepal asia,nepal locatedIn southern_asia,southern_asia locatedIn asia,
neighborOf nepal china,nepal neighborOf india,india neighborOf china,
neighborOf nepal india,nepal neighborOf china,china neighborOf india,
neighborOf guatemala belize,guatemala neighborOf mexico,mexico neighborOf belize,
locatedIn south_korea eastern_asia,south_korea locatedIn eastern_asia,
locatedIn south_korea asia,south_korea locatedIn eastern_asia,eastern_asia locatedIn asia,
locatedIn moldova eastern_europe,moldova neighborOf ukraine,ukraine locatedIn eastern_europe,
locatedIn moldova europe,moldova locatedIn eastern_europe,eastern_europe locatedIn europe,
neighborOf moldova ukraine,moldova neighborOf romania,romania neighborOf ukraine,
neighborOf moldova romania,moldova neighborOf ukraine,ukraine neighborOf romania,
locatedIn mauritius africa,mauritius locatedIn africa,
neighborOf belarus ukraine,belarus neighborOf poland,poland neighborOf ukraine,
neighborOf belarus poland,belarus neighborOf lithuania,lithuania neighborOf poland,
neighborOf belarus lithuania,belarus neighborOf poland,poland neighborOf lithuania,
neighborOf belarus russia,belarus neighborOf latvia,latvia neighborOf russia,
neighborOf belarus latvia,belarus neighborOf lithuania,lithuania neighborOf latvia,
neighborOf bangladesh myanmar,bangladesh neighborOf india,india neighborOf myanmar,
neighborOf bangladesh india,bangladesh neighborOf myanmar,myanmar neighborOf india,
locatedIn malaysia south-eastern_asia,malaysia neighborOf brunei,brunei locatedIn south-eastern_asia,
locatedIn malaysia asia,malaysia locatedIn south-eastern_asia,south-eastern_asia locatedIn asia,
locatedIn bosnia_and_herzegovina southern_europe,bosnia_and_herzegovina neighborOf croatia,croatia locatedIn southern_europe,
locatedIn bosnia_and_herzegovina europe,bosnia_and_herzegovina locatedIn southern_europe,southern_europe locatedIn europe,
neighborOf bosnia_and_herzegovina montenegro,bosnia_and_herzegovina neighborOf serbia,serbia neighborOf montenegro,
locatedIn luxembourg western_europe,luxembourg neighborOf belgium,belgium locatedIn western_europe,
locatedIn luxembourg europe,luxembourg locatedIn western_europe,western_europe locatedIn europe,
neighborOf luxembourg germany,luxembourg neighborOf belgium,belgium neighborOf germany,
neighborOf luxembourg belgium,luxembourg neighborOf germany,germany neighborOf belgium,
neighborOf luxembourg france,luxembourg neighborOf germany,germany neighborOf france,
locatedIn italy southern_europe,italy neighborOf vatican_city,vatican_city locatedIn southern_europe,
locatedIn italy europe,italy neighborOf france,france locatedIn europe,
neighborOf italy slovenia,italy neighborOf austria,austria neighborOf slovenia,
neighborOf italy switzerland,italy neighborOf france,france neighborOf switzerland,
neighborOf italy austria,italy neighborOf slovenia,slovenia neighborOf austria,
neighborOf italy france,italy neighborOf switzerland,switzerland neighborOf france,
locatedIn azerbaijan western_asia,azerbaijan neighborOf armenia,armenia locatedIn western_asia,
locatedIn azerbaijan asia,azerbaijan locatedIn western_asia,western_asia locatedIn asia,
neighborOf azerbaijan turkey,azerbaijan neighborOf iran,iran neighborOf turkey,
neighborOf azerbaijan armenia,azerbaijan neighborOf turkey,turkey neighborOf armenia,
neighborOf azerbaijan russia,azerbaijan neighborOf georgia,georgia neighborOf russia,
neighborOf azerbaijan iran,azerbaijan neighborOf turkey,turkey neighborOf iran,
neighborOf azerbaijan georgia,azerbaijan neighborOf turkey,turkey neighborOf georgia,
locatedIn honduras central_america,honduras neighborOf el_salvador,el_salvador locatedIn central_america,
locatedIn honduras americas,honduras locatedIn central_america,central_america locatedIn americas,
neighborOf honduras guatemala,honduras neighborOf el_salvador,el_salvador neighborOf guatemala,
neighborOf honduras el_salvador,honduras neighborOf guatemala,guatemala neighborOf el_salvador,
locatedIn mali western_africa,mali neighborOf senegal,senegal locatedIn western_africa,
locatedIn mali africa,mali locatedIn western_africa,western_africa locatedIn africa,
neighborOf mali burkina_faso,mali neighborOf niger,niger neighborOf burkina_faso,
neighborOf mali guinea,mali neighborOf ivory_coast,ivory_coast neighborOf guinea,
neighborOf mali mauritania,mali neighborOf senegal,senegal neighborOf mauritania,
neighborOf mali niger,mali neighborOf burkina_faso,burkina_faso neighborOf niger,
neighborOf mali senegal,mali neighborOf guinea,guinea neighborOf senegal,
neighborOf mali algeria,mali neighborOf niger,niger neighborOf algeria,
neighborOf mali ivory_coast,mali neighborOf burkina_faso,burkina_faso neighborOf ivory_coast,
locatedIn taiwan eastern_asia,taiwan locatedIn eastern_asia,
locatedIn taiwan asia,taiwan locatedIn eastern_asia,eastern_asia locatedIn asia,
locatedIn algeria northern_africa,algeria neighborOf tunisia,tunisia locatedIn northern_africa,
locatedIn algeria africa,algeria locatedIn northern_africa,northern_africa locatedIn africa,
neighborOf algeria libya,algeria neighborOf niger,niger neighborOf libya,
neighborOf algeria tunisia,algeria neighborOf libya,libya neighborOf tunisia,
neighborOf algeria mauritania,algeria neighborOf mali,mali neighborOf mauritania,
neighborOf algeria morocco,algeria neighborOf western_sahara,western_sahara neighborOf morocco,
neighborOf algeria niger,algeria neighborOf libya,libya neighborOf niger,
neighborOf algeria mali,algeria neighborOf niger,niger neighborOf mali,
neighborOf algeria western_sahara,algeria neighborOf mauritania,mauritania neighborOf western_sahara,
neighborOf french_guiana brazil,french_guiana neighborOf suriname,suriname neighborOf brazil,
neighborOf french_guiana suriname,french_guiana neighborOf brazil,brazil neighborOf suriname,
locatedIn yemen western_asia,yemen neighborOf oman,oman locatedIn western_asia,
locatedIn yemen asia,yemen locatedIn western_asia,western_asia locatedIn asia,
neighborOf yemen oman,yemen neighborOf saudi_arabia,saudi_arabia neighborOf oman,
neighborOf yemen saudi_arabia,yemen neighborOf oman,oman neighborOf saudi_arabia,
locatedIn puerto_rico caribbean,puerto_rico locatedIn caribbean,
locatedIn puerto_rico americas,puerto_rico locatedIn caribbean,caribbean locatedIn americas,
locatedIn saint_vincent_and_the_grenadines caribbean,saint_vincent_and_the_grenadines locatedIn caribbean,
locatedIn saint_vincent_and_the_grenadines americas,saint_vincent_and_the_grenadines locatedIn caribbean,caribbean locatedIn americas,
neighborOf venezuela brazil,venezuela neighborOf guyana,guyana neighborOf brazil,
neighborOf venezuela guyana,venezuela neighborOf brazil,brazil neighborOf guyana,
neighborOf venezuela colombia,venezuela neighborOf brazil,brazil neighborOf colombia,
locatedIn grenada americas,grenada locatedIn caribbean,caribbean locatedIn americas,
locatedIn tokelau polynesia,tokelau locatedIn polynesia,
locatedIn tokelau oceania,tokelau locatedIn polynesia,polynesia locatedIn oceania,
locatedIn slovenia southern_europe,slovenia neighborOf croatia,croatia locatedIn southern_europe,
locatedIn slovenia europe,slovenia locatedIn southern_europe,southern_europe locatedIn europe,
neighborOf slovenia austria,slovenia neighborOf italy,italy neighborOf austria,
neighborOf slovenia croatia,slovenia neighborOf hungary,hungary neighborOf croatia,
neighborOf slovenia italy,slovenia neighborOf austria,austria neighborOf italy,
neighborOf slovenia hungary,slovenia neighborOf croatia,croatia neighborOf hungary,
locatedIn philippines asia,philippines locatedIn south-eastern_asia,south-eastern_asia locatedIn asia,
locatedIn micronesia micronesia,micronesia locatedIn micronesia,
locatedIn micronesia oceania,micronesia locatedIn micronesia,micronesia locatedIn oceania,
locatedIn china eastern_asia,china neighborOf macau,macau locatedIn eastern_asia,
locatedIn china asia,china locatedIn eastern_asia,eastern_asia locatedIn asia,
neighborOf china afghanistan,china neighborOf pakistan,pakistan neighborOf afghanistan,
neighborOf china india,china neighborOf bhutan,bhutan neighborOf india,
neighborOf china kazakhstan,china neighborOf kyrgyzstan,kyrgyzstan neighborOf kazakhstan,
neighborOf china kyrgyzstan,china neighborOf tajikistan,tajikistan neighborOf kyrgyzstan,
neighborOf china tajikistan,china neighborOf afghanistan,afghanistan neighborOf tajikistan,
neighborOf china russia,china neighborOf mongolia,mongolia neighborOf russia,
neighborOf china north_korea,china neighborOf russia,russia neighborOf north_korea,
neighborOf china myanmar,china neighborOf laos,laos neighborOf myanmar,
neighborOf china pakistan,china neighborOf afghanistan,afghanistan neighborOf pakistan,
neighborOf china mongolia,china neighborOf russia,russia neighborOf mongolia,
locatedIn gabon middle_africa,gabon neighborOf equatorial_guinea,equatorial_guinea locatedIn middle_africa,
locatedIn gabon africa,gabon locatedIn middle_africa,middle_africa locatedIn africa,
neighborOf gabon equatorial_guinea,gabon neighborOf cameroon,cameroon neighborOf equatorial_guinea,
neighborOf gabon republic_of_the_congo,gabon neighborOf cameroon,cameroon neighborOf republic_of_the_congo,
neighborOf gabon cameroon,gabon neighborOf equatorial_guinea,equatorial_guinea neighborOf cameroon,
locatedIn united_states_minor_outlying_islands americas,united_states_minor_outlying_islands locatedIn northern_america,northern_america locatedIn americas,
locatedIn andorra europe,andorra locatedIn southern_europe,southern_europe locatedIn europe,
neighborOf andorra spain,andorra neighborOf france,france neighborOf spain,
neighborOf andorra france,andorra neighborOf spain,spain neighborOf france,
locatedIn samoa polynesia,samoa locatedIn polynesia,
locatedIn samoa oceania,samoa locatedIn polynesia,polynesia locatedIn oceania,
locatedIn gambia western_africa,gambia neighborOf senegal,senegal locatedIn western_africa,
locatedIn gambia africa,gambia locatedIn western_africa,western_africa locatedIn africa,
locatedIn palestine western_asia,palestine neighborOf israel,israel locatedIn western_asia,
locatedIn palestine asia,palestine locatedIn western_asia,western_asia locatedIn asia,
neighborOf palestine jordan,palestine neighborOf israel,israel neighborOf jordan,
neighborOf palestine egypt,palestine neighborOf israel,israel neighborOf egypt,
neighborOf palestine israel,palestine neighborOf egypt,egypt neighborOf israel,
locatedIn réunion africa,réunion locatedIn eastern_africa,eastern_africa locatedIn africa,
locatedIn france western_europe,france neighborOf switzerland,switzerland locatedIn western_europe,
locatedIn france europe,france locatedIn western_europe,western_europe locatedIn europe,
neighborOf france germany,france neighborOf luxembourg,luxembourg neighborOf germany,
neighborOf france luxembourg,france neighborOf belgium,belgium neighborOf luxembourg,
neighborOf france italy,france neighborOf switzerland,switzerland neighborOf italy,
neighborOf france andorra,france neighborOf spain,spain neighborOf andorra,
neighborOf france switzerland,france neighborOf germany,germany neighborOf switzerland,
neighborOf france belgium,france neighborOf luxembourg,luxembourg neighborOf belgium,
neighborOf france spain,france neighborOf andorra,andorra neighborOf spain,
locatedIn mongolia eastern_asia,mongolia neighborOf china,china locatedIn eastern_asia,
locatedIn mongolia asia,mongolia locatedIn eastern_asia,eastern_asia locatedIn asia,
neighborOf mongolia china,mongolia neighborOf russia,russia neighborOf china,
neighborOf mongolia russia,mongolia neighborOf china,china neighborOf russia,
locatedIn lithuania northern_europe,lithuania neighborOf latvia,latvia locatedIn northern_europe,
locatedIn lithuania europe,lithuania locatedIn northern_europe,northern_europe locatedIn europe,
neighborOf lithuania poland,lithuania neighborOf russia,russia neighborOf poland,
neighborOf lithuania latvia,lithuania neighborOf belarus,belarus neighborOf latvia,
neighborOf lithuania belarus,lithuania neighborOf poland,poland neighborOf belarus,
neighborOf lithuania russia,lithuania neighborOf poland,poland neighborOf russia,
locatedIn cayman_islands caribbean,cayman_islands locatedIn caribbean,
locatedIn cayman_islands americas,cayman_islands locatedIn caribbean,caribbean locatedIn americas,
locatedIn saint_lucia caribbean,saint_lucia locatedIn caribbean,
locatedIn saint_lucia americas,saint_lucia locatedIn caribbean,caribbean locatedIn americas,
locatedIn curaçao caribbean,curaçao locatedIn caribbean,
locatedIn curaçao americas,curaçao locatedIn caribbean,caribbean locatedIn americas,
locatedIn middle_africa africa,middle_africa locatedIn africa,
locatedIn northern_europe europe,northern_europe locatedIn europe,
locatedIn southern_europe europe,southern_europe locatedIn europe,
locatedIn western_europe europe,western_europe locatedIn europe,
locatedIn eastern_africa africa,eastern_africa locatedIn africa,
locatedIn western_africa africa,western_africa locatedIn africa,
locatedIn eastern_europe europe,eastern_europe locatedIn europe,
locatedIn northern_africa africa,northern_africa locatedIn africa,
locatedIn micronesia oceania,micronesia locatedIn micronesia,micronesia locatedIn oceania,
locatedIn central_europe europe,central_europe locatedIn europe,

