locatedIn palau oceania,locatedIn palau micronesia,locatedIn micronesia micronesia,locatedIn micronesia oceania,
locatedIn brunei south-eastern_asia,neighborOf brunei malaysia,locatedIn malaysia south-eastern_asia,
locatedIn brunei asia,neighborOf brunei malaysia,locatedIn malaysia south-eastern_asia,locatedIn south-eastern_asia asia,
neighborOf netherlands germany,neighborOf netherlands belgium,neighborOf belgium luxembourg,neighborOf luxembourg germany,
neighborOf netherlands belgium,neighborOf netherlands germany,neighborOf germany luxembourg,neighborOf luxembourg belgium,
neighborOf turkey armenia,neighborOf turkey azerbaijan,neighborOf azerbaijan georgia,neighborOf georgia armenia,
neighborOf turkey azerbaijan,neighborOf turkey armenia,neighborOf armenia georgia,neighborOf georgia azerbaijan,
neighborOf turkey iran,neighborOf turkey georgia,neighborOf georgia azerbaijan,neighborOf azerbaijan iran,
neighborOf turkey georgia,neighborOf turkey armenia,neighborOf armenia azerbaijan,neighborOf azerbaijan georgia,
neighborOf turkey bulgaria,neighborOf turkey greece,neighborOf greece macedonia,neighborOf macedonia bulgaria,
neighborOf turkey iraq,neighborOf turkey armenia,neighborOf armenia iran,neighborOf iran iraq,
neighborOf turkey syria,neighborOf turkey iraq,neighborOf iraq jordan,neighborOf jordan syria,
locatedIn angola middle_africa,neighborOf angola zambia,neighborOf zambia dr_congo,locatedIn dr_congo middle_africa,
neighborOf angola dr_congo,neighborOf angola zambia,neighborOf zambia tanzania,neighborOf tanzania dr_congo,
neighborOf angola namibia,neighborOf angola dr_congo,neighborOf dr_congo zambia,neighborOf zambia namibia,
neighborOf angola zambia,neighborOf angola dr_congo,neighborOf dr_congo tanzania,neighborOf tanzania zambia,
neighborOf angola republic_of_the_congo,neighborOf angola zambia,neighborOf zambia dr_congo,neighborOf dr_congo republic_of_the_congo,
locatedIn armenia western_asia,neighborOf armenia georgia,neighborOf georgia azerbaijan,locatedIn azerbaijan western_asia,
neighborOf armenia georgia,neighborOf armenia azerbaijan,neighborOf azerbaijan turkey,neighborOf turkey georgia,
neighborOf armenia azerbaijan,neighborOf armenia georgia,neighborOf georgia russia,neighborOf russia azerbaijan,
neighborOf armenia iran,neighborOf armenia azerbaijan,neighborOf azerbaijan turkey,neighborOf turkey iran,
neighborOf armenia turkey,neighborOf armenia azerbaijan,neighborOf azerbaijan iran,neighborOf iran turkey,
locatedIn swaziland southern_africa,neighborOf swaziland mozambique,neighborOf mozambique south_africa,locatedIn south_africa southern_africa,
neighborOf swaziland south_africa,neighborOf swaziland mozambique,neighborOf mozambique zimbabwe,neighborOf zimbabwe south_africa,
locatedIn uruguay south_america,neighborOf uruguay argentina,neighborOf argentina bolivia,locatedIn bolivia south_america,
locatedIn uruguay americas,neighborOf uruguay brazil,neighborOf brazil paraguay,locatedIn paraguay americas,
neighborOf uruguay argentina,neighborOf uruguay brazil,neighborOf brazil bolivia,neighborOf bolivia argentina,
neighborOf uruguay brazil,neighborOf uruguay argentina,neighborOf argentina paraguay,neighborOf paraguay brazil,
locatedIn zambia eastern_africa,neighborOf zambia tanzania,neighborOf tanzania rwanda,locatedIn rwanda eastern_africa,
neighborOf zambia tanzania,neighborOf zambia malawi,neighborOf malawi mozambique,neighborOf mozambique tanzania,
neighborOf zambia mozambique,neighborOf zambia botswana,neighborOf botswana south_africa,neighborOf south_africa mozambique,
neighborOf zambia dr_congo,neighborOf zambia malawi,neighborOf malawi tanzania,neighborOf tanzania dr_congo,
neighborOf zambia angola,neighborOf zambia dr_congo,neighborOf dr_congo republic_of_the_congo,neighborOf republic_of_the_congo angola,
neighborOf zambia botswana,neighborOf zambia namibia,neighborOf namibia south_africa,neighborOf south_africa botswana,
neighborOf zambia zimbabwe,neighborOf zambia mozambique,neighborOf mozambique south_africa,neighborOf south_africa zimbabwe,
neighborOf zambia namibia,neighborOf zambia mozambique,neighborOf mozambique south_africa,neighborOf south_africa namibia,
neighborOf zambia malawi,neighborOf zambia dr_congo,neighborOf dr_congo tanzania,neighborOf tanzania malawi,
locatedIn cyprus europe,neighborOf cyprus united_kingdom,neighborOf united_kingdom ireland,locatedIn ireland europe,
locatedIn ireland europe,neighborOf ireland united_kingdom,locatedIn united_kingdom northern_europe,locatedIn northern_europe europe,
locatedIn burundi eastern_africa,neighborOf burundi dr_congo,neighborOf dr_congo uganda,locatedIn uganda eastern_africa,
neighborOf burundi dr_congo,neighborOf burundi rwanda,neighborOf rwanda tanzania,neighborOf tanzania dr_congo,
neighborOf burundi rwanda,neighborOf burundi dr_congo,neighborOf dr_congo uganda,neighborOf uganda rwanda,
neighborOf burundi tanzania,neighborOf burundi dr_congo,neighborOf dr_congo zambia,neighborOf zambia tanzania,
locatedIn central_african_republic middle_africa,neighborOf central_african_republic cameroon,neighborOf cameroon chad,locatedIn chad middle_africa,
neighborOf central_african_republic chad,neighborOf central_african_republic republic_of_the_congo,neighborOf republic_of_the_congo cameroon,neighborOf cameroon chad,
neighborOf central_african_republic republic_of_the_congo,neighborOf central_african_republic chad,neighborOf chad cameroon,neighborOf cameroon republic_of_the_congo,
neighborOf central_african_republic dr_congo,neighborOf central_african_republic republic_of_the_congo,neighborOf republic_of_the_congo angola,neighborOf angola dr_congo,
neighborOf central_african_republic south_sudan,neighborOf central_african_republic cameroon,neighborOf cameroon chad,neighborOf chad south_sudan,
neighborOf central_african_republic cameroon,neighborOf central_african_republic sudan,neighborOf sudan chad,neighborOf chad cameroon,
neighborOf central_african_republic sudan,neighborOf central_african_republic dr_congo,neighborOf dr_congo south_sudan,neighborOf south_sudan sudan,
locatedIn ivory_coast western_africa,neighborOf ivory_coast mali,neighborOf mali guinea,locatedIn guinea western_africa,
neighborOf ivory_coast burkina_faso,neighborOf ivory_coast ghana,neighborOf ghana togo,neighborOf togo burkina_faso,
neighborOf ivory_coast liberia,neighborOf ivory_coast mali,neighborOf mali guinea,neighborOf guinea liberia,
neighborOf ivory_coast mali,neighborOf ivory_coast liberia,neighborOf liberia guinea,neighborOf guinea mali,
neighborOf ivory_coast guinea,neighborOf ivory_coast liberia,neighborOf liberia sierra_leone,neighborOf sierra_leone guinea,
neighborOf sierra_leone liberia,neighborOf sierra_leone guinea,neighborOf guinea ivory_coast,neighborOf ivory_coast liberia,
neighborOf sierra_leone guinea,neighborOf sierra_leone liberia,neighborOf liberia ivory_coast,neighborOf ivory_coast guinea,
neighborOf poland germany,neighborOf poland slovakia,neighborOf slovakia czechia,neighborOf czechia germany,
neighborOf poland ukraine,neighborOf poland slovakia,neighborOf slovakia hungary,neighborOf hungary ukraine,
neighborOf poland slovakia,neighborOf poland belarus,neighborOf belarus ukraine,neighborOf ukraine slovakia,
neighborOf poland belarus,neighborOf poland slovakia,neighborOf slovakia ukraine,neighborOf ukraine belarus,
neighborOf poland russia,neighborOf poland lithuania,neighborOf lithuania latvia,neighborOf latvia russia,
neighborOf poland lithuania,neighborOf poland ukraine,neighborOf ukraine belarus,neighborOf belarus lithuania,
neighborOf poland czechia,neighborOf poland germany,neighborOf germany austria,neighborOf austria czechia,
locatedIn kazakhstan central_asia,neighborOf kazakhstan turkmenistan,neighborOf turkmenistan uzbekistan,locatedIn uzbekistan central_asia,
neighborOf kazakhstan turkmenistan,neighborOf kazakhstan china,neighborOf china afghanistan,neighborOf afghanistan turkmenistan,
neighborOf kazakhstan china,neighborOf kazakhstan turkmenistan,neighborOf turkmenistan afghanistan,neighborOf afghanistan china,
neighborOf kazakhstan kyrgyzstan,neighborOf kazakhstan turkmenistan,neighborOf turkmenistan uzbekistan,neighborOf uzbekistan kyrgyzstan,
neighborOf kazakhstan uzbekistan,neighborOf kazakhstan china,neighborOf china tajikistan,neighborOf tajikistan uzbekistan,
neighborOf kazakhstan russia,neighborOf kazakhstan kyrgyzstan,neighborOf kyrgyzstan china,neighborOf china russia,
locatedIn uzbekistan central_asia,neighborOf uzbekistan turkmenistan,neighborOf turkmenistan kazakhstan,locatedIn kazakhstan central_asia,
neighborOf uzbekistan afghanistan,neighborOf uzbekistan turkmenistan,neighborOf turkmenistan iran,neighborOf iran afghanistan,
neighborOf uzbekistan turkmenistan,neighborOf uzbekistan afghanistan,neighborOf afghanistan iran,neighborOf iran turkmenistan,
neighborOf uzbekistan kazakhstan,neighborOf uzbekistan kyrgyzstan,neighborOf kyrgyzstan china,neighborOf china kazakhstan,
neighborOf uzbekistan kyrgyzstan,neighborOf uzbekistan tajikistan,neighborOf tajikistan china,neighborOf china kyrgyzstan,
neighborOf uzbekistan tajikistan,neighborOf uzbekistan afghanistan,neighborOf afghanistan china,neighborOf china tajikistan,
neighborOf pakistan china,neighborOf pakistan india,neighborOf india nepal,neighborOf nepal china,
neighborOf pakistan afghanistan,neighborOf pakistan iran,neighborOf iran turkmenistan,neighborOf turkmenistan afghanistan,
neighborOf pakistan iran,neighborOf pakistan india,neighborOf india afghanistan,neighborOf afghanistan iran,
neighborOf pakistan india,neighborOf pakistan afghanistan,neighborOf afghanistan china,neighborOf china india,
locatedIn argentina south_america,neighborOf argentina bolivia,neighborOf bolivia peru,locatedIn peru south_america,
neighborOf argentina bolivia,neighborOf argentina paraguay,neighborOf paraguay brazil,neighborOf brazil bolivia,
neighborOf argentina chile,neighborOf argentina brazil,neighborOf brazil peru,neighborOf peru chile,
neighborOf argentina brazil,neighborOf argentina chile,neighborOf chile bolivia,neighborOf bolivia brazil,
neighborOf argentina paraguay,neighborOf argentina brazil,neighborOf brazil bolivia,neighborOf bolivia paraguay,
neighborOf argentina uruguay,neighborOf argentina bolivia,neighborOf bolivia brazil,neighborOf brazil uruguay,
neighborOf serbia macedonia,neighborOf serbia romania,neighborOf romania bulgaria,neighborOf bulgaria macedonia,
neighborOf serbia montenegro,neighborOf serbia kosovo,neighborOf kosovo albania,neighborOf albania montenegro,
neighborOf serbia kosovo,neighborOf serbia macedonia,neighborOf macedonia albania,neighborOf albania kosovo,
neighborOf serbia bosnia_and_herzegovina,neighborOf serbia montenegro,neighborOf montenegro croatia,neighborOf croatia bosnia_and_herzegovina,
neighborOf serbia croatia,neighborOf serbia montenegro,neighborOf montenegro bosnia_and_herzegovina,neighborOf bosnia_and_herzegovina croatia,
neighborOf serbia hungary,neighborOf serbia montenegro,neighborOf montenegro croatia,neighborOf croatia hungary,
neighborOf serbia bulgaria,neighborOf serbia kosovo,neighborOf kosovo macedonia,neighborOf macedonia bulgaria,
neighborOf serbia romania,neighborOf serbia croatia,neighborOf croatia hungary,neighborOf hungary romania,
locatedIn czechia eastern_europe,neighborOf czechia poland,neighborOf poland ukraine,locatedIn ukraine eastern_europe,
neighborOf czechia germany,neighborOf czechia slovakia,neighborOf slovakia poland,neighborOf poland germany,
neighborOf czechia austria,neighborOf czechia poland,neighborOf poland slovakia,neighborOf slovakia austria,
neighborOf czechia poland,neighborOf czechia austria,neighborOf austria germany,neighborOf germany poland,
neighborOf czechia slovakia,neighborOf czechia austria,neighborOf austria hungary,neighborOf hungary slovakia,
neighborOf nicaragua honduras,neighborOf nicaragua honduras,
neighborOf nicaragua costa_rica,neighborOf nicaragua costa_rica,
locatedIn vietnam south-eastern_asia,neighborOf vietnam cambodia,neighborOf cambodia laos,locatedIn laos south-eastern_asia,
locatedIn vietnam asia,neighborOf vietnam china,neighborOf china bhutan,locatedIn bhutan asia,
neighborOf vietnam cambodia,neighborOf vietnam laos,neighborOf laos thailand,neighborOf thailand cambodia,
neighborOf vietnam laos,neighborOf vietnam cambodia,neighborOf cambodia thailand,neighborOf thailand laos,
neighborOf vietnam china,neighborOf vietnam laos,neighborOf laos myanmar,neighborOf myanmar china,
neighborOf slovakia ukraine,neighborOf slovakia hungary,neighborOf hungary romania,neighborOf romania ukraine,
neighborOf slovakia poland,neighborOf slovakia austria,neighborOf austria germany,neighborOf germany poland,
neighborOf slovakia austria,neighborOf slovakia ukraine,neighborOf ukraine hungary,neighborOf hungary austria,
neighborOf slovakia hungary,neighborOf slovakia czechia,neighborOf czechia austria,neighborOf austria hungary,
neighborOf slovakia czechia,neighborOf slovakia ukraine,neighborOf ukraine poland,neighborOf poland czechia,
neighborOf mozambique tanzania,neighborOf mozambique zimbabwe,neighborOf zimbabwe zambia,neighborOf zambia tanzania,
neighborOf mozambique swaziland,neighborOf mozambique zimbabwe,neighborOf zimbabwe south_africa,neighborOf south_africa swaziland,
neighborOf mozambique zimbabwe,neighborOf mozambique swaziland,neighborOf swaziland south_africa,neighborOf south_africa zimbabwe,
neighborOf mozambique zambia,neighborOf mozambique malawi,neighborOf malawi tanzania,neighborOf tanzania zambia,
neighborOf mozambique malawi,neighborOf mozambique tanzania,neighborOf tanzania zambia,neighborOf zambia malawi,
neighborOf mozambique south_africa,neighborOf mozambique zimbabwe,neighborOf zimbabwe botswana,neighborOf botswana south_africa,
locatedIn bolivia south_america,neighborOf bolivia argentina,neighborOf argentina brazil,locatedIn brazil south_america,
neighborOf bolivia brazil,neighborOf bolivia peru,neighborOf peru colombia,neighborOf colombia brazil,
neighborOf bolivia paraguay,neighborOf bolivia argentina,neighborOf argentina brazil,neighborOf brazil paraguay,
neighborOf bolivia argentina,neighborOf bolivia peru,neighborOf peru chile,neighborOf chile argentina,
neighborOf bolivia peru,neighborOf bolivia brazil,neighborOf brazil colombia,neighborOf colombia peru,
locatedIn colombia south_america,neighborOf colombia venezuela,neighborOf venezuela brazil,locatedIn brazil south_america,
neighborOf colombia ecuador,neighborOf colombia brazil,neighborOf brazil peru,neighborOf peru ecuador,
neighborOf colombia brazil,neighborOf colombia venezuela,neighborOf venezuela guyana,neighborOf guyana brazil,
neighborOf colombia venezuela,neighborOf colombia peru,neighborOf peru brazil,neighborOf brazil venezuela,
neighborOf colombia peru,neighborOf colombia venezuela,neighborOf venezuela brazil,neighborOf brazil peru,
neighborOf republic_of_the_congo gabon,neighborOf republic_of_the_congo cameroon,neighborOf cameroon equatorial_guinea,neighborOf equatorial_guinea gabon,
neighborOf republic_of_the_congo dr_congo,neighborOf republic_of_the_congo angola,neighborOf angola zambia,neighborOf zambia dr_congo,
neighborOf republic_of_the_congo angola,neighborOf republic_of_the_congo central_african_republic,neighborOf central_african_republic dr_congo,neighborOf dr_congo angola,
neighborOf republic_of_the_congo cameroon,neighborOf republic_of_the_congo central_african_republic,neighborOf central_african_republic chad,neighborOf chad cameroon,
neighborOf republic_of_the_congo central_african_republic,neighborOf republic_of_the_congo dr_congo,neighborOf dr_congo south_sudan,neighborOf south_sudan central_african_republic,
neighborOf saudi_arabia yemen,neighborOf saudi_arabia united_arab_emirates,neighborOf united_arab_emirates oman,neighborOf oman yemen,
neighborOf saudi_arabia kuwait,neighborOf saudi_arabia jordan,neighborOf jordan iraq,neighborOf iraq kuwait,
neighborOf saudi_arabia iraq,neighborOf saudi_arabia jordan,neighborOf jordan syria,neighborOf syria iraq,
locatedIn el_salvador central_america,neighborOf el_salvador guatemala,neighborOf guatemala belize,locatedIn belize central_america,
locatedIn madagascar africa,locatedIn madagascar eastern_africa,locatedIn eastern_africa africa,
locatedIn namibia southern_africa,neighborOf namibia zambia,neighborOf zambia botswana,locatedIn botswana southern_africa,
locatedIn namibia africa,neighborOf namibia south_africa,neighborOf south_africa lesotho,locatedIn lesotho africa,
neighborOf namibia zambia,neighborOf namibia angola,neighborOf angola dr_congo,neighborOf dr_congo zambia,
neighborOf namibia angola,neighborOf namibia botswana,neighborOf botswana zambia,neighborOf zambia angola,
neighborOf namibia south_africa,neighborOf namibia botswana,neighborOf botswana zimbabwe,neighborOf zimbabwe south_africa,
neighborOf namibia botswana,neighborOf namibia angola,neighborOf angola zambia,neighborOf zambia botswana,
neighborOf guyana brazil,neighborOf guyana suriname,neighborOf suriname french_guiana,neighborOf french_guiana brazil,
neighborOf guyana suriname,neighborOf guyana brazil,neighborOf brazil french_guiana,neighborOf french_guiana suriname,
neighborOf guyana venezuela,neighborOf guyana brazil,neighborOf brazil colombia,neighborOf colombia venezuela,
locatedIn vatican_city southern_europe,neighborOf vatican_city italy,neighborOf italy slovenia,locatedIn slovenia southern_europe,
locatedIn vatican_city europe,neighborOf vatican_city italy,neighborOf italy san_marino,locatedIn san_marino europe,
locatedIn nigeria western_africa,neighborOf nigeria chad,neighborOf chad niger,locatedIn niger western_africa,
locatedIn nigeria africa,neighborOf nigeria cameroon,neighborOf cameroon equatorial_guinea,locatedIn equatorial_guinea africa,
neighborOf nigeria chad,neighborOf nigeria benin,neighborOf benin niger,neighborOf niger chad,
neighborOf nigeria niger,neighborOf nigeria benin,neighborOf benin burkina_faso,neighborOf burkina_faso niger,
neighborOf nigeria cameroon,neighborOf nigeria chad,neighborOf chad central_african_republic,neighborOf central_african_republic cameroon,
neighborOf nigeria benin,neighborOf nigeria chad,neighborOf chad niger,neighborOf niger benin,
neighborOf germany netherlands,neighborOf germany france,neighborOf france belgium,neighborOf belgium netherlands,
neighborOf germany poland,neighborOf germany austria,neighborOf austria slovakia,neighborOf slovakia poland,
neighborOf germany luxembourg,neighborOf germany france,neighborOf france belgium,neighborOf belgium luxembourg,
neighborOf germany belgium,neighborOf germany switzerland,neighborOf switzerland france,neighborOf france belgium,
neighborOf germany switzerland,neighborOf germany czechia,neighborOf czechia austria,neighborOf austria switzerland,
neighborOf germany austria,neighborOf germany poland,neighborOf poland czechia,neighborOf czechia austria,
neighborOf germany france,neighborOf germany netherlands,neighborOf netherlands belgium,neighborOf belgium france,
neighborOf germany czechia,neighborOf germany poland,neighborOf poland slovakia,neighborOf slovakia czechia,
neighborOf burkina_faso togo,neighborOf burkina_faso ivory_coast,neighborOf ivory_coast ghana,neighborOf ghana togo,
neighborOf burkina_faso benin,neighborOf burkina_faso mali,neighborOf mali niger,neighborOf niger benin,
neighborOf burkina_faso niger,neighborOf burkina_faso ivory_coast,neighborOf ivory_coast mali,neighborOf mali niger,
neighborOf burkina_faso ghana,neighborOf burkina_faso benin,neighborOf benin togo,neighborOf togo ghana,
neighborOf burkina_faso mali,neighborOf burkina_faso ivory_coast,neighborOf ivory_coast guinea,neighborOf guinea mali,
neighborOf burkina_faso ivory_coast,neighborOf burkina_faso niger,neighborOf niger mali,neighborOf mali ivory_coast,
neighborOf tanzania uganda,neighborOf tanzania dr_congo,neighborOf dr_congo rwanda,neighborOf rwanda uganda,
neighborOf tanzania mozambique,neighborOf tanzania zambia,neighborOf zambia zimbabwe,neighborOf zimbabwe mozambique,
neighborOf tanzania dr_congo,neighborOf tanzania burundi,neighborOf burundi rwanda,neighborOf rwanda dr_congo,
neighborOf tanzania kenya,neighborOf tanzania rwanda,neighborOf rwanda uganda,neighborOf uganda kenya,
neighborOf tanzania rwanda,neighborOf tanzania dr_congo,neighborOf dr_congo uganda,neighborOf uganda rwanda,
neighborOf tanzania zambia,neighborOf tanzania dr_congo,neighborOf dr_congo angola,neighborOf angola zambia,
neighborOf tanzania malawi,neighborOf tanzania dr_congo,neighborOf dr_congo zambia,neighborOf zambia malawi,
neighborOf tanzania burundi,neighborOf tanzania rwanda,neighborOf rwanda dr_congo,neighborOf dr_congo burundi,
locatedIn northern_mariana_islands oceania,locatedIn northern_mariana_islands micronesia,locatedIn micronesia micronesia,locatedIn micronesia oceania,
locatedIn belize central_america,neighborOf belize guatemala,neighborOf guatemala el_salvador,locatedIn el_salvador central_america,
neighborOf norway sweden,neighborOf norway russia,neighborOf russia finland,neighborOf finland sweden,
neighborOf norway russia,neighborOf norway sweden,neighborOf sweden finland,neighborOf finland russia,
locatedIn laos south-eastern_asia,neighborOf laos cambodia,neighborOf cambodia vietnam,locatedIn vietnam south-eastern_asia,
neighborOf laos china,neighborOf laos cambodia,neighborOf cambodia vietnam,neighborOf vietnam china,
neighborOf laos cambodia,neighborOf laos myanmar,neighborOf myanmar thailand,neighborOf thailand cambodia,
neighborOf laos myanmar,neighborOf laos cambodia,neighborOf cambodia thailand,neighborOf thailand myanmar,
neighborOf laos vietnam,neighborOf laos myanmar,neighborOf myanmar china,neighborOf china vietnam,
neighborOf laos thailand,neighborOf laos vietnam,neighborOf vietnam cambodia,neighborOf cambodia thailand,
locatedIn western_sahara northern_africa,neighborOf western_sahara morocco,neighborOf morocco algeria,locatedIn algeria northern_africa,
neighborOf western_sahara algeria,neighborOf western_sahara mauritania,neighborOf mauritania algeria,
neighborOf western_sahara mauritania,neighborOf western_sahara morocco,neighborOf morocco algeria,neighborOf algeria mauritania,
neighborOf western_sahara morocco,neighborOf western_sahara mauritania,neighborOf mauritania algeria,neighborOf algeria morocco,
locatedIn suriname south_america,neighborOf suriname brazil,neighborOf brazil bolivia,locatedIn bolivia south_america,
neighborOf suriname brazil,neighborOf suriname guyana,neighborOf guyana venezuela,neighborOf venezuela brazil,
neighborOf suriname french_guiana,neighborOf suriname guyana,neighborOf guyana brazil,neighborOf brazil french_guiana,
neighborOf suriname guyana,neighborOf suriname brazil,neighborOf brazil venezuela,neighborOf venezuela guyana,
neighborOf egypt libya,neighborOf egypt sudan,neighborOf sudan chad,neighborOf chad libya,
neighborOf bulgaria macedonia,neighborOf bulgaria greece,neighborOf greece albania,neighborOf albania macedonia,
neighborOf bulgaria turkey,neighborOf bulgaria macedonia,neighborOf macedonia greece,neighborOf greece turkey,
neighborOf bulgaria greece,neighborOf bulgaria serbia,neighborOf serbia macedonia,neighborOf macedonia greece,
neighborOf bulgaria serbia,neighborOf bulgaria greece,neighborOf greece macedonia,neighborOf macedonia serbia,
neighborOf bulgaria romania,neighborOf bulgaria serbia,neighborOf serbia hungary,neighborOf hungary romania,
locatedIn guinea western_africa,neighborOf guinea ivory_coast,neighborOf ivory_coast liberia,locatedIn liberia western_africa,
neighborOf guinea guinea-bissau,neighborOf guinea mali,neighborOf mali senegal,neighborOf senegal guinea-bissau,
neighborOf guinea mali,neighborOf guinea ivory_coast,neighborOf ivory_coast burkina_faso,neighborOf burkina_faso mali,
neighborOf guinea liberia,neighborOf guinea mali,neighborOf mali ivory_coast,neighborOf ivory_coast liberia,
neighborOf guinea senegal,neighborOf guinea ivory_coast,neighborOf ivory_coast mali,neighborOf mali senegal,
neighborOf guinea ivory_coast,neighborOf guinea senegal,neighborOf senegal mali,neighborOf mali ivory_coast,
locatedIn costa_rica central_america,neighborOf costa_rica nicaragua,neighborOf nicaragua honduras,locatedIn honduras central_america,
locatedIn portugal southern_europe,neighborOf portugal spain,neighborOf spain andorra,locatedIn andorra southern_europe,
locatedIn romania eastern_europe,neighborOf romania moldova,neighborOf moldova ukraine,locatedIn ukraine eastern_europe,
neighborOf romania ukraine,neighborOf romania serbia,neighborOf serbia hungary,neighborOf hungary ukraine,
neighborOf romania hungary,neighborOf romania ukraine,neighborOf ukraine slovakia,neighborOf slovakia hungary,
neighborOf romania moldova,neighborOf romania hungary,neighborOf hungary ukraine,neighborOf ukraine moldova,
neighborOf romania bulgaria,neighborOf romania serbia,neighborOf serbia macedonia,neighborOf macedonia bulgaria,
neighborOf romania serbia,neighborOf romania ukraine,neighborOf ukraine hungary,neighborOf hungary serbia,
locatedIn san_marino southern_europe,neighborOf san_marino italy,neighborOf italy slovenia,locatedIn slovenia southern_europe,
locatedIn san_marino europe,neighborOf san_marino italy,neighborOf italy vatican_city,locatedIn vatican_city europe,
locatedIn mauritania western_africa,neighborOf mauritania senegal,neighborOf senegal guinea-bissau,locatedIn guinea-bissau western_africa,
locatedIn mauritania africa,neighborOf mauritania mali,neighborOf mali senegal,locatedIn senegal africa,
neighborOf mauritania algeria,neighborOf mauritania mali,neighborOf mali niger,neighborOf niger algeria,
neighborOf mauritania mali,neighborOf mauritania algeria,neighborOf algeria niger,neighborOf niger mali,
neighborOf mauritania western_sahara,neighborOf mauritania mali,neighborOf mali algeria,neighborOf algeria western_sahara,
neighborOf mauritania senegal,neighborOf mauritania algeria,neighborOf algeria mali,neighborOf mali senegal,
neighborOf myanmar india,neighborOf myanmar china,neighborOf china pakistan,neighborOf pakistan india,
neighborOf myanmar bangladesh,neighborOf myanmar china,neighborOf china india,neighborOf india bangladesh,
neighborOf myanmar china,neighborOf myanmar india,neighborOf india nepal,neighborOf nepal china,
neighborOf myanmar laos,neighborOf myanmar india,neighborOf india china,neighborOf china laos,
neighborOf myanmar thailand,neighborOf myanmar china,neighborOf china laos,neighborOf laos thailand,
neighborOf iraq turkey,neighborOf iraq jordan,neighborOf jordan syria,neighborOf syria turkey,
neighborOf iraq saudi_arabia,neighborOf iraq syria,neighborOf syria jordan,neighborOf jordan saudi_arabia,
neighborOf iraq iran,neighborOf iraq syria,neighborOf syria turkey,neighborOf turkey iran,
neighborOf iraq jordan,neighborOf iraq turkey,neighborOf turkey syria,neighborOf syria jordan,
neighborOf iraq kuwait,neighborOf iraq jordan,neighborOf jordan saudi_arabia,neighborOf saudi_arabia kuwait,
neighborOf iraq syria,neighborOf iraq iran,neighborOf iran turkey,neighborOf turkey syria,
locatedIn dr_congo middle_africa,neighborOf dr_congo south_sudan,neighborOf south_sudan central_african_republic,locatedIn central_african_republic middle_africa,
neighborOf dr_congo uganda,neighborOf dr_congo central_african_republic,neighborOf central_african_republic south_sudan,neighborOf south_sudan uganda,
neighborOf dr_congo tanzania,neighborOf dr_congo angola,neighborOf angola zambia,neighborOf zambia tanzania,
neighborOf dr_congo republic_of_the_congo,neighborOf dr_congo central_african_republic,neighborOf central_african_republic cameroon,neighborOf cameroon republic_of_the_congo,
neighborOf dr_congo central_african_republic,neighborOf dr_congo republic_of_the_congo,neighborOf republic_of_the_congo cameroon,neighborOf cameroon central_african_republic,
neighborOf dr_congo angola,neighborOf dr_congo central_african_republic,neighborOf central_african_republic republic_of_the_congo,neighborOf republic_of_the_congo angola,
neighborOf dr_congo rwanda,neighborOf dr_congo uganda,neighborOf uganda tanzania,neighborOf tanzania rwanda,
neighborOf dr_congo south_sudan,neighborOf dr_congo rwanda,neighborOf rwanda uganda,neighborOf uganda south_sudan,
neighborOf dr_congo zambia,neighborOf dr_congo angola,neighborOf angola namibia,neighborOf namibia zambia,
neighborOf dr_congo burundi,neighborOf dr_congo rwanda,neighborOf rwanda tanzania,neighborOf tanzania burundi,
locatedIn seychelles africa,locatedIn seychelles eastern_africa,locatedIn eastern_africa africa,
neighborOf kyrgyzstan china,neighborOf kyrgyzstan kazakhstan,neighborOf kazakhstan russia,neighborOf russia china,
neighborOf kyrgyzstan kazakhstan,neighborOf kyrgyzstan tajikistan,neighborOf tajikistan uzbekistan,neighborOf uzbekistan kazakhstan,
neighborOf kyrgyzstan tajikistan,neighborOf kyrgyzstan china,neighborOf china afghanistan,neighborOf afghanistan tajikistan,
neighborOf kyrgyzstan uzbekistan,neighborOf kyrgyzstan china,neighborOf china afghanistan,neighborOf afghanistan uzbekistan,
locatedIn botswana southern_africa,neighborOf botswana south_africa,neighborOf south_africa namibia,locatedIn namibia southern_africa,
neighborOf botswana zimbabwe,neighborOf botswana namibia,neighborOf namibia south_africa,neighborOf south_africa zimbabwe,
neighborOf botswana namibia,neighborOf botswana zimbabwe,neighborOf zimbabwe south_africa,neighborOf south_africa namibia,
neighborOf botswana zambia,neighborOf botswana zimbabwe,neighborOf zimbabwe mozambique,neighborOf mozambique zambia,
neighborOf botswana south_africa,neighborOf botswana zimbabwe,neighborOf zimbabwe mozambique,neighborOf mozambique south_africa,
locatedIn lesotho southern_africa,neighborOf lesotho south_africa,neighborOf south_africa swaziland,locatedIn swaziland southern_africa,
locatedIn lesotho africa,neighborOf lesotho south_africa,neighborOf south_africa namibia,locatedIn namibia africa,
locatedIn belgium western_europe,neighborOf belgium luxembourg,neighborOf luxembourg france,locatedIn france western_europe,
neighborOf belgium germany,neighborOf belgium luxembourg,neighborOf luxembourg france,neighborOf france germany,
neighborOf belgium luxembourg,neighborOf belgium germany,neighborOf germany france,neighborOf france luxembourg,
neighborOf belgium france,neighborOf belgium netherlands,neighborOf netherlands germany,neighborOf germany france,
neighborOf belgium netherlands,neighborOf belgium france,neighborOf france germany,neighborOf germany netherlands,
locatedIn qatar western_asia,neighborOf qatar saudi_arabia,neighborOf saudi_arabia united_arab_emirates,locatedIn united_arab_emirates western_asia,
locatedIn syria western_asia,neighborOf syria israel,neighborOf israel lebanon,locatedIn lebanon western_asia,
neighborOf syria israel,neighborOf syria iraq,neighborOf iraq jordan,neighborOf jordan israel,
neighborOf syria turkey,neighborOf syria iraq,neighborOf iraq iran,neighborOf iran turkey,
neighborOf syria jordan,neighborOf syria lebanon,neighborOf lebanon israel,neighborOf israel jordan,
neighborOf syria lebanon,neighborOf syria jordan,neighborOf jordan israel,neighborOf israel lebanon,
neighborOf syria iraq,neighborOf syria israel,neighborOf israel jordan,neighborOf jordan iraq,
locatedIn india southern_asia,neighborOf india afghanistan,neighborOf afghanistan iran,locatedIn iran southern_asia,
neighborOf india afghanistan,neighborOf india bhutan,neighborOf bhutan china,neighborOf china afghanistan,
neighborOf india bangladesh,neighborOf india china,neighborOf china myanmar,neighborOf myanmar bangladesh,
neighborOf india china,neighborOf india bangladesh,neighborOf bangladesh myanmar,neighborOf myanmar china,
neighborOf india myanmar,neighborOf india china,neighborOf china laos,neighborOf laos myanmar,
neighborOf india pakistan,neighborOf india nepal,neighborOf nepal china,neighborOf china pakistan,
neighborOf morocco algeria,neighborOf morocco western_sahara,neighborOf western_sahara mauritania,neighborOf mauritania algeria,
neighborOf morocco western_sahara,neighborOf morocco algeria,neighborOf algeria mauritania,neighborOf mauritania western_sahara,
locatedIn kenya eastern_africa,neighborOf kenya ethiopia,neighborOf ethiopia somalia,locatedIn somalia eastern_africa,
neighborOf kenya uganda,neighborOf kenya south_sudan,neighborOf south_sudan dr_congo,neighborOf dr_congo uganda,
neighborOf kenya tanzania,neighborOf kenya uganda,neighborOf uganda rwanda,neighborOf rwanda tanzania,
neighborOf kenya somalia,neighborOf kenya south_sudan,neighborOf south_sudan ethiopia,neighborOf ethiopia somalia,
neighborOf kenya south_sudan,neighborOf kenya uganda,neighborOf uganda dr_congo,neighborOf dr_congo south_sudan,
neighborOf kenya ethiopia,neighborOf kenya south_sudan,neighborOf south_sudan sudan,neighborOf sudan ethiopia,
locatedIn south_sudan middle_africa,neighborOf south_sudan dr_congo,neighborOf dr_congo central_african_republic,locatedIn central_african_republic middle_africa,
neighborOf south_sudan uganda,neighborOf south_sudan central_african_republic,neighborOf central_african_republic dr_congo,neighborOf dr_congo uganda,
neighborOf south_sudan dr_congo,neighborOf south_sudan sudan,neighborOf sudan central_african_republic,neighborOf central_african_republic dr_congo,
neighborOf south_sudan kenya,neighborOf south_sudan ethiopia,neighborOf ethiopia somalia,neighborOf somalia kenya,
neighborOf south_sudan central_african_republic,neighborOf south_sudan sudan,neighborOf sudan chad,neighborOf chad central_african_republic,
neighborOf south_sudan sudan,neighborOf south_sudan kenya,neighborOf kenya ethiopia,neighborOf ethiopia sudan,
neighborOf south_sudan ethiopia,neighborOf south_sudan uganda,neighborOf uganda kenya,neighborOf kenya ethiopia,
neighborOf ghana burkina_faso,neighborOf ghana ivory_coast,neighborOf ivory_coast mali,neighborOf mali burkina_faso,
neighborOf ghana ivory_coast,neighborOf ghana togo,neighborOf togo burkina_faso,neighborOf burkina_faso ivory_coast,
neighborOf ghana togo,neighborOf ghana burkina_faso,neighborOf burkina_faso benin,neighborOf benin togo,
locatedIn tajikistan central_asia,neighborOf tajikistan kyrgyzstan,neighborOf kyrgyzstan kazakhstan,locatedIn kazakhstan central_asia,
neighborOf tajikistan china,neighborOf tajikistan afghanistan,neighborOf afghanistan pakistan,neighborOf pakistan china,
neighborOf tajikistan kyrgyzstan,neighborOf tajikistan afghanistan,neighborOf afghanistan uzbekistan,neighborOf uzbekistan kyrgyzstan,
neighborOf tajikistan afghanistan,neighborOf tajikistan uzbekistan,neighborOf uzbekistan turkmenistan,neighborOf turkmenistan afghanistan,
neighborOf tajikistan uzbekistan,neighborOf tajikistan kyrgyzstan,neighborOf kyrgyzstan kazakhstan,neighborOf kazakhstan uzbekistan,
locatedIn marshall_islands oceania,locatedIn marshall_islands micronesia,locatedIn micronesia micronesia,locatedIn micronesia oceania,
locatedIn cameroon middle_africa,neighborOf cameroon central_african_republic,neighborOf central_african_republic south_sudan,locatedIn south_sudan middle_africa,
neighborOf cameroon chad,neighborOf cameroon central_african_republic,neighborOf central_african_republic sudan,neighborOf sudan chad,
neighborOf cameroon republic_of_the_congo,neighborOf cameroon equatorial_guinea,neighborOf equatorial_guinea gabon,neighborOf gabon republic_of_the_congo,
neighborOf cameroon gabon,neighborOf cameroon central_african_republic,neighborOf central_african_republic republic_of_the_congo,neighborOf republic_of_the_congo gabon,
neighborOf cameroon central_african_republic,neighborOf cameroon nigeria,neighborOf nigeria chad,neighborOf chad central_african_republic,
neighborOf cameroon nigeria,neighborOf cameroon chad,neighborOf chad niger,neighborOf niger nigeria,
locatedIn nauru oceania,locatedIn nauru micronesia,locatedIn micronesia micronesia,locatedIn micronesia oceania,
neighborOf thailand cambodia,neighborOf thailand laos,neighborOf laos vietnam,neighborOf vietnam cambodia,
neighborOf thailand myanmar,neighborOf thailand cambodia,neighborOf cambodia laos,neighborOf laos myanmar,
neighborOf thailand laos,neighborOf thailand cambodia,neighborOf cambodia vietnam,neighborOf vietnam laos,
neighborOf sudan chad,neighborOf sudan south_sudan,neighborOf south_sudan central_african_republic,neighborOf central_african_republic chad,
neighborOf sudan libya,neighborOf sudan chad,neighborOf chad niger,neighborOf niger libya,
neighborOf sudan south_sudan,neighborOf sudan south_sudan,
neighborOf sudan eritrea,neighborOf sudan south_sudan,neighborOf south_sudan ethiopia,neighborOf ethiopia eritrea,
neighborOf sudan central_african_republic,neighborOf sudan ethiopia,neighborOf ethiopia south_sudan,neighborOf south_sudan central_african_republic,
neighborOf sudan egypt,neighborOf sudan chad,neighborOf chad libya,neighborOf libya egypt,
neighborOf sudan ethiopia,neighborOf sudan eritrea,neighborOf eritrea djibouti,neighborOf djibouti ethiopia,
locatedIn chad middle_africa,neighborOf chad south_sudan,neighborOf south_sudan dr_congo,locatedIn dr_congo middle_africa,
neighborOf chad libya,neighborOf chad nigeria,neighborOf nigeria niger,neighborOf niger libya,
neighborOf chad niger,neighborOf chad cameroon,neighborOf cameroon nigeria,neighborOf nigeria niger,
neighborOf chad south_sudan,neighborOf chad cameroon,neighborOf cameroon central_african_republic,neighborOf central_african_republic south_sudan,
neighborOf chad cameroon,neighborOf chad central_african_republic,neighborOf central_african_republic republic_of_the_congo,neighborOf republic_of_the_congo cameroon,
neighborOf chad central_african_republic,neighborOf chad south_sudan,neighborOf south_sudan dr_congo,neighborOf dr_congo central_african_republic,
neighborOf chad nigeria,neighborOf chad central_african_republic,neighborOf central_african_republic cameroon,neighborOf cameroon nigeria,
locatedIn liberia western_africa,neighborOf liberia guinea,neighborOf guinea guinea-bissau,locatedIn guinea-bissau western_africa,
neighborOf liberia ivory_coast,neighborOf liberia guinea,neighborOf guinea mali,neighborOf mali ivory_coast,
neighborOf liberia sierra_leone,neighborOf liberia ivory_coast,neighborOf ivory_coast guinea,neighborOf guinea sierra_leone,
neighborOf liberia guinea,neighborOf liberia ivory_coast,neighborOf ivory_coast mali,neighborOf mali guinea,
locatedIn cambodia south-eastern_asia,neighborOf cambodia vietnam,neighborOf vietnam laos,locatedIn laos south-eastern_asia,
neighborOf cambodia vietnam,neighborOf cambodia laos,neighborOf laos china,neighborOf china vietnam,
neighborOf cambodia thailand,neighborOf cambodia laos,neighborOf laos myanmar,neighborOf myanmar thailand,
neighborOf cambodia laos,neighborOf cambodia vietnam,neighborOf vietnam china,neighborOf china laos,
neighborOf zimbabwe zambia,neighborOf zimbabwe south_africa,neighborOf south_africa mozambique,neighborOf mozambique zambia,
neighborOf zimbabwe south_africa,neighborOf zimbabwe botswana,neighborOf botswana namibia,neighborOf namibia south_africa,
neighborOf zimbabwe botswana,neighborOf zimbabwe mozambique,neighborOf mozambique south_africa,neighborOf south_africa botswana,
neighborOf zimbabwe mozambique,neighborOf zimbabwe zambia,neighborOf zambia tanzania,neighborOf tanzania mozambique,
locatedIn comoros africa,locatedIn comoros eastern_africa,locatedIn eastern_africa africa,
locatedIn guam oceania,locatedIn guam micronesia,locatedIn micronesia micronesia,locatedIn micronesia oceania,
locatedIn lebanon western_asia,neighborOf lebanon israel,neighborOf israel syria,locatedIn syria western_asia,
locatedIn lebanon asia,neighborOf lebanon israel,locatedIn israel western_asia,locatedIn western_asia asia,
neighborOf lebanon israel,neighborOf lebanon syria,neighborOf syria jordan,neighborOf jordan israel,
neighborOf lebanon syria,neighborOf lebanon israel,neighborOf israel jordan,neighborOf jordan syria,
locatedIn sint_maarten americas,neighborOf sint_maarten saint_martin,locatedIn saint_martin caribbean,locatedIn caribbean americas,
locatedIn ethiopia eastern_africa,neighborOf ethiopia south_sudan,neighborOf south_sudan kenya,locatedIn kenya eastern_africa,
neighborOf ethiopia somalia,neighborOf ethiopia south_sudan,neighborOf south_sudan kenya,neighborOf kenya somalia,
neighborOf ethiopia kenya,neighborOf ethiopia south_sudan,neighborOf south_sudan uganda,neighborOf uganda kenya,
neighborOf ethiopia eritrea,neighborOf ethiopia somalia,neighborOf somalia djibouti,neighborOf djibouti eritrea,
neighborOf ethiopia south_sudan,neighborOf ethiopia somalia,neighborOf somalia kenya,neighborOf kenya south_sudan,
neighborOf ethiopia djibouti,neighborOf ethiopia kenya,neighborOf kenya somalia,neighborOf somalia djibouti,
neighborOf ethiopia sudan,neighborOf ethiopia kenya,neighborOf kenya south_sudan,neighborOf south_sudan sudan,
locatedIn guinea-bissau western_africa,neighborOf guinea-bissau guinea,neighborOf guinea senegal,locatedIn senegal western_africa,
locatedIn guinea-bissau africa,neighborOf guinea-bissau guinea,neighborOf guinea senegal,locatedIn senegal africa,
neighborOf guinea-bissau guinea,neighborOf guinea-bissau senegal,neighborOf senegal mali,neighborOf mali guinea,
neighborOf guinea-bissau senegal,neighborOf guinea-bissau guinea,neighborOf guinea mali,neighborOf mali senegal,
locatedIn libya northern_africa,neighborOf libya niger,neighborOf niger algeria,locatedIn algeria northern_africa,
neighborOf libya chad,neighborOf libya niger,neighborOf niger nigeria,neighborOf nigeria chad,
neighborOf libya tunisia,neighborOf libya niger,neighborOf niger algeria,neighborOf algeria tunisia,
neighborOf libya niger,neighborOf libya algeria,neighborOf algeria mali,neighborOf mali niger,
neighborOf libya algeria,neighborOf libya niger,neighborOf niger mali,neighborOf mali algeria,
neighborOf libya sudan,neighborOf libya chad,neighborOf chad central_african_republic,neighborOf central_african_republic sudan,
locatedIn bhutan southern_asia,neighborOf bhutan china,neighborOf china india,locatedIn india southern_asia,
locatedIn bhutan asia,neighborOf bhutan india,neighborOf india nepal,locatedIn nepal asia,
neighborOf bhutan china,neighborOf bhutan india,neighborOf india pakistan,neighborOf pakistan china,
neighborOf bhutan india,neighborOf bhutan china,neighborOf china pakistan,neighborOf pakistan india,
locatedIn macau eastern_asia,neighborOf macau china,neighborOf china mongolia,locatedIn mongolia eastern_asia,
locatedIn macau asia,neighborOf macau china,neighborOf china bhutan,locatedIn bhutan asia,
locatedIn somalia eastern_africa,neighborOf somalia djibouti,neighborOf djibouti ethiopia,locatedIn ethiopia eastern_africa,
neighborOf somalia djibouti,neighborOf somalia kenya,neighborOf kenya ethiopia,neighborOf ethiopia djibouti,
neighborOf somalia kenya,neighborOf somalia djibouti,neighborOf djibouti ethiopia,neighborOf ethiopia kenya,
neighborOf somalia ethiopia,neighborOf somalia djibouti,neighborOf djibouti eritrea,neighborOf eritrea ethiopia,
locatedIn russia eastern_europe,neighborOf russia poland,neighborOf poland ukraine,locatedIn ukraine eastern_europe,
neighborOf russia ukraine,neighborOf russia belarus,neighborOf belarus poland,neighborOf poland ukraine,
neighborOf russia belarus,neighborOf russia estonia,neighborOf estonia latvia,neighborOf latvia belarus,
neighborOf russia kazakhstan,neighborOf russia mongolia,neighborOf mongolia china,neighborOf china kazakhstan,
neighborOf russia norway,neighborOf russia finland,neighborOf finland sweden,neighborOf sweden norway,
neighborOf russia poland,neighborOf russia latvia,neighborOf latvia lithuania,neighborOf lithuania poland,
neighborOf russia azerbaijan,neighborOf russia georgia,neighborOf georgia armenia,neighborOf armenia azerbaijan,
neighborOf russia lithuania,neighborOf russia estonia,neighborOf estonia latvia,neighborOf latvia lithuania,
neighborOf russia estonia,neighborOf russia belarus,neighborOf belarus latvia,neighborOf latvia estonia,
neighborOf russia north_korea,neighborOf russia kazakhstan,neighborOf kazakhstan china,neighborOf china north_korea,
neighborOf russia finland,neighborOf russia norway,neighborOf norway sweden,neighborOf sweden finland,
neighborOf russia latvia,neighborOf russia ukraine,neighborOf ukraine belarus,neighborOf belarus latvia,
locatedIn panama central_america,neighborOf panama costa_rica,locatedIn costa_rica central_america,
locatedIn panama americas,neighborOf panama costa_rica,locatedIn costa_rica central_america,locatedIn central_america americas,
neighborOf north_korea china,neighborOf north_korea russia,neighborOf russia mongolia,neighborOf mongolia china,
locatedIn latvia northern_europe,neighborOf latvia belarus,neighborOf belarus lithuania,locatedIn lithuania northern_europe,
neighborOf latvia lithuania,neighborOf latvia russia,neighborOf russia belarus,neighborOf belarus lithuania,
neighborOf latvia belarus,neighborOf latvia russia,neighborOf russia ukraine,neighborOf ukraine belarus,
neighborOf latvia russia,neighborOf latvia belarus,neighborOf belarus ukraine,neighborOf ukraine russia,
neighborOf latvia estonia,neighborOf latvia lithuania,neighborOf lithuania russia,neighborOf russia estonia,
locatedIn oman western_asia,neighborOf oman saudi_arabia,neighborOf saudi_arabia qatar,locatedIn qatar western_asia,
neighborOf oman saudi_arabia,neighborOf oman saudi_arabia,
neighborOf oman yemen,neighborOf oman united_arab_emirates,neighborOf united_arab_emirates saudi_arabia,neighborOf saudi_arabia yemen,
neighborOf oman united_arab_emirates,neighborOf oman yemen,neighborOf yemen saudi_arabia,neighborOf saudi_arabia united_arab_emirates,
locatedIn united_kingdom europe,neighborOf united_kingdom ireland,locatedIn ireland northern_europe,locatedIn northern_europe europe,
locatedIn israel western_asia,neighborOf israel jordan,neighborOf jordan syria,locatedIn syria western_asia,
neighborOf israel lebanon,neighborOf israel jordan,neighborOf jordan syria,neighborOf syria lebanon,
neighborOf israel jordan,neighborOf israel lebanon,neighborOf lebanon syria,neighborOf syria jordan,
neighborOf israel syria,neighborOf israel jordan,neighborOf jordan iraq,neighborOf iraq syria,
locatedIn togo western_africa,neighborOf togo burkina_faso,neighborOf burkina_faso niger,locatedIn niger western_africa,
neighborOf togo burkina_faso,neighborOf togo ghana,neighborOf ghana ivory_coast,neighborOf ivory_coast burkina_faso,
neighborOf togo ghana,neighborOf togo benin,neighborOf benin burkina_faso,neighborOf burkina_faso ghana,
neighborOf togo benin,neighborOf togo burkina_faso,neighborOf burkina_faso niger,neighborOf niger benin,
locatedIn iran southern_asia,neighborOf iran pakistan,neighborOf pakistan india,locatedIn india southern_asia,
neighborOf iran afghanistan,neighborOf iran turkmenistan,neighborOf turkmenistan uzbekistan,neighborOf uzbekistan afghanistan,
neighborOf iran turkmenistan,neighborOf iran afghanistan,neighborOf afghanistan uzbekistan,neighborOf uzbekistan turkmenistan,
neighborOf iran turkey,neighborOf iran azerbaijan,neighborOf azerbaijan armenia,neighborOf armenia turkey,
neighborOf iran armenia,neighborOf iran turkey,neighborOf turkey azerbaijan,neighborOf azerbaijan armenia,
neighborOf iran azerbaijan,neighborOf iran iraq,neighborOf iraq turkey,neighborOf turkey azerbaijan,
neighborOf iran pakistan,neighborOf iran turkmenistan,neighborOf turkmenistan afghanistan,neighborOf afghanistan pakistan,
neighborOf iran iraq,neighborOf iran azerbaijan,neighborOf azerbaijan turkey,neighborOf turkey iraq,
locatedIn dominican_republic americas,neighborOf dominican_republic haiti,locatedIn haiti caribbean,locatedIn caribbean americas,
neighborOf chile argentina,neighborOf chile bolivia,neighborOf bolivia brazil,neighborOf brazil argentina,
neighborOf chile bolivia,neighborOf chile peru,neighborOf peru brazil,neighborOf brazil bolivia,
neighborOf chile peru,neighborOf chile argentina,neighborOf argentina bolivia,neighborOf bolivia peru,
locatedIn kosovo eastern_europe,neighborOf kosovo serbia,neighborOf serbia romania,locatedIn romania eastern_europe,
neighborOf kosovo serbia,neighborOf kosovo albania,neighborOf albania macedonia,neighborOf macedonia serbia,
neighborOf kosovo albania,neighborOf kosovo macedonia,neighborOf macedonia greece,neighborOf greece albania,
neighborOf kosovo macedonia,neighborOf kosovo montenegro,neighborOf montenegro serbia,neighborOf serbia macedonia,
neighborOf kosovo montenegro,neighborOf kosovo macedonia,neighborOf macedonia albania,neighborOf albania montenegro,
neighborOf eritrea djibouti,neighborOf eritrea ethiopia,neighborOf ethiopia somalia,neighborOf somalia djibouti,
neighborOf eritrea sudan,neighborOf eritrea djibouti,neighborOf djibouti ethiopia,neighborOf ethiopia sudan,
neighborOf eritrea ethiopia,neighborOf eritrea djibouti,neighborOf djibouti somalia,neighborOf somalia ethiopia,
locatedIn equatorial_guinea middle_africa,neighborOf equatorial_guinea gabon,neighborOf gabon cameroon,locatedIn cameroon middle_africa,
locatedIn equatorial_guinea africa,neighborOf equatorial_guinea cameroon,neighborOf cameroon nigeria,locatedIn nigeria africa,
neighborOf equatorial_guinea gabon,neighborOf equatorial_guinea cameroon,neighborOf cameroon republic_of_the_congo,neighborOf republic_of_the_congo gabon,
neighborOf equatorial_guinea cameroon,neighborOf equatorial_guinea gabon,neighborOf gabon republic_of_the_congo,neighborOf republic_of_the_congo cameroon,
locatedIn niger western_africa,neighborOf niger benin,neighborOf benin nigeria,locatedIn nigeria western_africa,
neighborOf niger chad,neighborOf niger algeria,neighborOf algeria libya,neighborOf libya chad,
neighborOf niger libya,neighborOf niger mali,neighborOf mali algeria,neighborOf algeria libya,
neighborOf niger burkina_faso,neighborOf niger algeria,neighborOf algeria mali,neighborOf mali burkina_faso,
neighborOf niger benin,neighborOf niger mali,neighborOf mali burkina_faso,neighborOf burkina_faso benin,
neighborOf niger mali,neighborOf niger benin,neighborOf benin burkina_faso,neighborOf burkina_faso mali,
neighborOf niger algeria,neighborOf niger chad,neighborOf chad libya,neighborOf libya algeria,
neighborOf niger nigeria,neighborOf niger libya,neighborOf libya chad,neighborOf chad nigeria,
locatedIn rwanda eastern_africa,neighborOf rwanda uganda,neighborOf uganda kenya,locatedIn kenya eastern_africa,
neighborOf rwanda burundi,neighborOf rwanda tanzania,neighborOf tanzania dr_congo,neighborOf dr_congo burundi,
neighborOf rwanda tanzania,neighborOf rwanda dr_congo,neighborOf dr_congo uganda,neighborOf uganda tanzania,
neighborOf rwanda uganda,neighborOf rwanda burundi,neighborOf burundi tanzania,neighborOf tanzania uganda,
neighborOf rwanda dr_congo,neighborOf rwanda burundi,neighborOf burundi tanzania,neighborOf tanzania dr_congo,
locatedIn united_arab_emirates western_asia,neighborOf united_arab_emirates oman,neighborOf oman yemen,locatedIn yemen western_asia,
neighborOf united_arab_emirates saudi_arabia,neighborOf united_arab_emirates oman,neighborOf oman yemen,neighborOf yemen saudi_arabia,
locatedIn estonia northern_europe,neighborOf estonia russia,neighborOf russia lithuania,locatedIn lithuania northern_europe,
locatedIn estonia europe,neighborOf estonia latvia,locatedIn latvia northern_europe,locatedIn northern_europe europe,
neighborOf estonia latvia,neighborOf estonia russia,neighborOf russia lithuania,neighborOf lithuania latvia,
neighborOf estonia russia,neighborOf estonia latvia,neighborOf latvia lithuania,neighborOf lithuania russia,
locatedIn greece southern_europe,neighborOf greece macedonia,neighborOf macedonia albania,locatedIn albania southern_europe,
neighborOf greece bulgaria,neighborOf greece albania,neighborOf albania macedonia,neighborOf macedonia bulgaria,
neighborOf greece albania,neighborOf greece bulgaria,neighborOf bulgaria macedonia,neighborOf macedonia albania,
neighborOf greece macedonia,neighborOf greece turkey,neighborOf turkey bulgaria,neighborOf bulgaria macedonia,
neighborOf greece turkey,neighborOf greece macedonia,neighborOf macedonia bulgaria,neighborOf bulgaria turkey,
locatedIn senegal western_africa,neighborOf senegal mauritania,neighborOf mauritania mali,locatedIn mali western_africa,
locatedIn senegal africa,neighborOf senegal guinea,neighborOf guinea guinea-bissau,locatedIn guinea-bissau africa,
neighborOf senegal guinea-bissau,neighborOf senegal mali,neighborOf mali guinea,neighborOf guinea guinea-bissau,
neighborOf senegal mauritania,neighborOf senegal mali,neighborOf mali algeria,neighborOf algeria mauritania,
neighborOf senegal mali,neighborOf senegal guinea-bissau,neighborOf guinea-bissau guinea,neighborOf guinea mali,
neighborOf senegal guinea,neighborOf senegal mauritania,neighborOf mauritania mali,neighborOf mali guinea,
neighborOf djibouti eritrea,neighborOf djibouti somalia,neighborOf somalia ethiopia,neighborOf ethiopia eritrea,
neighborOf djibouti somalia,neighborOf djibouti ethiopia,neighborOf ethiopia kenya,neighborOf kenya somalia,
neighborOf djibouti ethiopia,neighborOf djibouti eritrea,neighborOf eritrea sudan,neighborOf sudan ethiopia,
locatedIn uganda eastern_africa,neighborOf uganda south_sudan,neighborOf south_sudan ethiopia,locatedIn ethiopia eastern_africa,
neighborOf uganda tanzania,neighborOf uganda south_sudan,neighborOf south_sudan dr_congo,neighborOf dr_congo tanzania,
neighborOf uganda dr_congo,neighborOf uganda rwanda,neighborOf rwanda burundi,neighborOf burundi dr_congo,
neighborOf uganda kenya,neighborOf uganda dr_congo,neighborOf dr_congo tanzania,neighborOf tanzania kenya,
neighborOf uganda south_sudan,neighborOf uganda dr_congo,neighborOf dr_congo central_african_republic,neighborOf central_african_republic south_sudan,
neighborOf uganda rwanda,neighborOf uganda tanzania,neighborOf tanzania dr_congo,neighborOf dr_congo rwanda,
locatedIn macedonia southern_europe,neighborOf macedonia albania,neighborOf albania greece,locatedIn greece southern_europe,
neighborOf macedonia kosovo,neighborOf macedonia serbia,neighborOf serbia montenegro,neighborOf montenegro kosovo,
neighborOf macedonia greece,neighborOf macedonia serbia,neighborOf serbia bulgaria,neighborOf bulgaria greece,
neighborOf macedonia albania,neighborOf macedonia kosovo,neighborOf kosovo montenegro,neighborOf montenegro albania,
neighborOf macedonia serbia,neighborOf macedonia kosovo,neighborOf kosovo montenegro,neighborOf montenegro serbia,
neighborOf macedonia bulgaria,neighborOf macedonia serbia,neighborOf serbia romania,neighborOf romania bulgaria,
locatedIn tunisia northern_africa,neighborOf tunisia algeria,neighborOf algeria libya,locatedIn libya northern_africa,
locatedIn tunisia africa,neighborOf tunisia algeria,neighborOf algeria mauritania,locatedIn mauritania africa,
neighborOf tunisia libya,neighborOf tunisia algeria,neighborOf algeria niger,neighborOf niger libya,
neighborOf tunisia algeria,neighborOf tunisia libya,neighborOf libya niger,neighborOf niger algeria,
neighborOf ecuador peru,neighborOf ecuador colombia,neighborOf colombia brazil,neighborOf brazil peru,
neighborOf ecuador colombia,neighborOf ecuador peru,neighborOf peru brazil,neighborOf brazil colombia,
locatedIn brazil south_america,neighborOf brazil uruguay,neighborOf uruguay argentina,locatedIn argentina south_america,
neighborOf brazil bolivia,neighborOf brazil colombia,neighborOf colombia peru,neighborOf peru bolivia,
neighborOf brazil colombia,neighborOf brazil guyana,neighborOf guyana venezuela,neighborOf venezuela colombia,
neighborOf brazil paraguay,neighborOf brazil bolivia,neighborOf bolivia argentina,neighborOf argentina paraguay,
neighborOf brazil uruguay,neighborOf brazil bolivia,neighborOf bolivia argentina,neighborOf argentina uruguay,
neighborOf brazil french_guiana,neighborOf brazil guyana,neighborOf guyana suriname,neighborOf suriname french_guiana,
neighborOf brazil suriname,neighborOf brazil venezuela,neighborOf venezuela guyana,neighborOf guyana suriname,
neighborOf brazil venezuela,neighborOf brazil suriname,neighborOf suriname guyana,neighborOf guyana venezuela,
neighborOf brazil argentina,neighborOf brazil paraguay,neighborOf paraguay bolivia,neighborOf bolivia argentina,
neighborOf brazil guyana,neighborOf brazil french_guiana,neighborOf french_guiana suriname,neighborOf suriname guyana,
neighborOf brazil peru,neighborOf brazil bolivia,neighborOf bolivia chile,neighborOf chile peru,
locatedIn paraguay south_america,neighborOf paraguay argentina,neighborOf argentina brazil,locatedIn brazil south_america,
locatedIn paraguay americas,neighborOf paraguay argentina,neighborOf argentina uruguay,locatedIn uruguay americas,
neighborOf paraguay argentina,neighborOf paraguay bolivia,neighborOf bolivia chile,neighborOf chile argentina,
neighborOf paraguay brazil,neighborOf paraguay bolivia,neighborOf bolivia argentina,neighborOf argentina brazil,
neighborOf paraguay bolivia,neighborOf paraguay brazil,neighborOf brazil peru,neighborOf peru bolivia,
locatedIn finland northern_europe,neighborOf finland norway,neighborOf norway sweden,locatedIn sweden northern_europe,
neighborOf finland sweden,neighborOf finland russia,neighborOf russia norway,neighborOf norway sweden,
neighborOf jordan saudi_arabia,neighborOf jordan syria,neighborOf syria iraq,neighborOf iraq saudi_arabia,
neighborOf jordan israel,neighborOf jordan iraq,neighborOf iraq syria,neighborOf syria israel,
neighborOf jordan iraq,neighborOf jordan saudi_arabia,neighborOf saudi_arabia kuwait,neighborOf kuwait iraq,
neighborOf jordan syria,neighborOf jordan israel,neighborOf israel lebanon,neighborOf lebanon syria,
locatedIn montenegro southern_europe,neighborOf montenegro croatia,neighborOf croatia slovenia,locatedIn slovenia southern_europe,
neighborOf montenegro kosovo,neighborOf montenegro croatia,neighborOf croatia serbia,neighborOf serbia kosovo,
neighborOf montenegro bosnia_and_herzegovina,neighborOf montenegro croatia,neighborOf croatia serbia,neighborOf serbia bosnia_and_herzegovina,
neighborOf montenegro croatia,neighborOf montenegro serbia,neighborOf serbia bosnia_and_herzegovina,neighborOf bosnia_and_herzegovina croatia,
neighborOf montenegro serbia,neighborOf montenegro albania,neighborOf albania macedonia,neighborOf macedonia serbia,
neighborOf montenegro albania,neighborOf montenegro kosovo,neighborOf kosovo macedonia,neighborOf macedonia albania,
locatedIn peru south_america,neighborOf peru bolivia,neighborOf bolivia brazil,locatedIn brazil south_america,
neighborOf peru bolivia,neighborOf peru brazil,neighborOf brazil paraguay,neighborOf paraguay bolivia,
neighborOf peru chile,neighborOf peru brazil,neighborOf brazil bolivia,neighborOf bolivia chile,
neighborOf peru brazil,neighborOf peru chile,neighborOf chile bolivia,neighborOf bolivia brazil,
neighborOf peru colombia,neighborOf peru bolivia,neighborOf bolivia brazil,neighborOf brazil colombia,
locatedIn ukraine eastern_europe,neighborOf ukraine romania,neighborOf romania moldova,locatedIn moldova eastern_europe,
neighborOf ukraine slovakia,neighborOf ukraine hungary,neighborOf hungary austria,neighborOf austria slovakia,
neighborOf ukraine belarus,neighborOf ukraine poland,neighborOf poland russia,neighborOf russia belarus,
neighborOf ukraine poland,neighborOf ukraine hungary,neighborOf hungary slovakia,neighborOf slovakia poland,
neighborOf ukraine russia,neighborOf ukraine belarus,neighborOf belarus poland,neighborOf poland russia,
neighborOf ukraine hungary,neighborOf ukraine poland,neighborOf poland slovakia,neighborOf slovakia hungary,
neighborOf ukraine moldova,neighborOf ukraine hungary,neighborOf hungary romania,neighborOf romania moldova,
neighborOf ukraine romania,neighborOf ukraine slovakia,neighborOf slovakia hungary,neighborOf hungary romania,
neighborOf turkmenistan kazakhstan,neighborOf turkmenistan afghanistan,neighborOf afghanistan uzbekistan,neighborOf uzbekistan kazakhstan,
neighborOf turkmenistan afghanistan,neighborOf turkmenistan iran,neighborOf iran pakistan,neighborOf pakistan afghanistan,
neighborOf turkmenistan uzbekistan,neighborOf turkmenistan kazakhstan,neighborOf kazakhstan kyrgyzstan,neighborOf kyrgyzstan uzbekistan,
neighborOf turkmenistan iran,neighborOf turkmenistan uzbekistan,neighborOf uzbekistan afghanistan,neighborOf afghanistan iran,
locatedIn gibraltar southern_europe,neighborOf gibraltar spain,neighborOf spain portugal,locatedIn portugal southern_europe,
locatedIn switzerland western_europe,neighborOf switzerland liechtenstein,neighborOf liechtenstein austria,locatedIn austria western_europe,
neighborOf switzerland germany,neighborOf switzerland france,neighborOf france luxembourg,neighborOf luxembourg germany,
neighborOf switzerland italy,neighborOf switzerland liechtenstein,neighborOf liechtenstein austria,neighborOf austria italy,
neighborOf switzerland austria,neighborOf switzerland italy,neighborOf italy slovenia,neighborOf slovenia austria,
neighborOf switzerland france,neighborOf switzerland austria,neighborOf austria italy,neighborOf italy france,
neighborOf switzerland liechtenstein,neighborOf switzerland germany,neighborOf germany austria,neighborOf austria liechtenstein,
locatedIn austria western_europe,neighborOf austria switzerland,neighborOf switzerland france,locatedIn france western_europe,
neighborOf austria germany,neighborOf austria switzerland,neighborOf switzerland france,neighborOf france germany,
neighborOf austria slovakia,neighborOf austria czechia,neighborOf czechia poland,neighborOf poland slovakia,
neighborOf austria slovenia,neighborOf austria slovakia,neighborOf slovakia hungary,neighborOf hungary slovenia,
neighborOf austria italy,neighborOf austria liechtenstein,neighborOf liechtenstein switzerland,neighborOf switzerland italy,
neighborOf austria switzerland,neighborOf austria slovenia,neighborOf slovenia italy,neighborOf italy switzerland,
neighborOf austria hungary,neighborOf austria slovakia,neighborOf slovakia ukraine,neighborOf ukraine hungary,
neighborOf austria liechtenstein,neighborOf austria italy,neighborOf italy switzerland,neighborOf switzerland liechtenstein,
neighborOf austria czechia,neighborOf austria germany,neighborOf germany poland,neighborOf poland czechia,
neighborOf hungary ukraine,neighborOf hungary serbia,neighborOf serbia romania,neighborOf romania ukraine,
neighborOf hungary slovakia,neighborOf hungary ukraine,neighborOf ukraine poland,neighborOf poland slovakia,
neighborOf hungary slovenia,neighborOf hungary slovakia,neighborOf slovakia austria,neighborOf austria slovenia,
neighborOf hungary croatia,neighborOf hungary romania,neighborOf romania serbia,neighborOf serbia croatia,
neighborOf hungary austria,neighborOf hungary croatia,neighborOf croatia slovenia,neighborOf slovenia austria,
neighborOf hungary serbia,neighborOf hungary slovenia,neighborOf slovenia croatia,neighborOf croatia serbia,
neighborOf hungary romania,neighborOf hungary croatia,neighborOf croatia serbia,neighborOf serbia romania,
locatedIn malawi eastern_africa,neighborOf malawi tanzania,neighborOf tanzania kenya,locatedIn kenya eastern_africa,
neighborOf malawi zambia,neighborOf malawi mozambique,neighborOf mozambique zimbabwe,neighborOf zimbabwe zambia,
neighborOf malawi tanzania,neighborOf malawi mozambique,neighborOf mozambique zambia,neighborOf zambia tanzania,
neighborOf malawi mozambique,neighborOf malawi tanzania,neighborOf tanzania zambia,neighborOf zambia mozambique,
locatedIn liechtenstein western_europe,neighborOf liechtenstein switzerland,neighborOf switzerland austria,locatedIn austria western_europe,
locatedIn liechtenstein europe,neighborOf liechtenstein switzerland,neighborOf switzerland italy,locatedIn italy europe,
neighborOf liechtenstein switzerland,neighborOf liechtenstein austria,neighborOf austria italy,neighborOf italy switzerland,
neighborOf liechtenstein austria,neighborOf liechtenstein switzerland,neighborOf switzerland germany,neighborOf germany austria,
locatedIn georgia western_asia,neighborOf georgia armenia,neighborOf armenia azerbaijan,locatedIn azerbaijan western_asia,
neighborOf georgia armenia,neighborOf georgia azerbaijan,neighborOf azerbaijan iran,neighborOf iran armenia,
neighborOf georgia azerbaijan,neighborOf georgia armenia,neighborOf armenia turkey,neighborOf turkey azerbaijan,
neighborOf georgia russia,neighborOf georgia armenia,neighborOf armenia azerbaijan,neighborOf azerbaijan russia,
neighborOf georgia turkey,neighborOf georgia armenia,neighborOf armenia azerbaijan,neighborOf azerbaijan turkey,
locatedIn albania southern_europe,neighborOf albania macedonia,neighborOf macedonia greece,locatedIn greece southern_europe,
locatedIn albania europe,neighborOf albania greece,locatedIn greece southern_europe,locatedIn southern_europe europe,
neighborOf albania montenegro,neighborOf albania macedonia,neighborOf macedonia kosovo,neighborOf kosovo montenegro,
neighborOf albania macedonia,neighborOf albania greece,neighborOf greece bulgaria,neighborOf bulgaria macedonia,
neighborOf albania kosovo,neighborOf albania montenegro,neighborOf montenegro serbia,neighborOf serbia kosovo,
neighborOf albania greece,neighborOf albania kosovo,neighborOf kosovo macedonia,neighborOf macedonia greece,
locatedIn kuwait western_asia,neighborOf kuwait saudi_arabia,neighborOf saudi_arabia yemen,locatedIn yemen western_asia,
neighborOf kuwait saudi_arabia,neighborOf kuwait iraq,neighborOf iraq jordan,neighborOf jordan saudi_arabia,
neighborOf kuwait iraq,neighborOf kuwait saudi_arabia,neighborOf saudi_arabia jordan,neighborOf jordan iraq,
locatedIn south_africa southern_africa,neighborOf south_africa namibia,neighborOf namibia botswana,locatedIn botswana southern_africa,
neighborOf south_africa mozambique,neighborOf south_africa namibia,neighborOf namibia zambia,neighborOf zambia mozambique,
neighborOf south_africa botswana,neighborOf south_africa mozambique,neighborOf mozambique zimbabwe,neighborOf zimbabwe botswana,
neighborOf south_africa swaziland,neighborOf south_africa zimbabwe,neighborOf zimbabwe mozambique,neighborOf mozambique swaziland,
neighborOf south_africa zimbabwe,neighborOf south_africa mozambique,neighborOf mozambique zambia,neighborOf zambia zimbabwe,
neighborOf south_africa namibia,neighborOf south_africa zimbabwe,neighborOf zimbabwe botswana,neighborOf botswana namibia,
locatedIn haiti americas,neighborOf haiti dominican_republic,locatedIn dominican_republic caribbean,locatedIn caribbean americas,
locatedIn afghanistan southern_asia,neighborOf afghanistan china,neighborOf china india,locatedIn india southern_asia,
neighborOf afghanistan turkmenistan,neighborOf afghanistan pakistan,neighborOf pakistan iran,neighborOf iran turkmenistan,
neighborOf afghanistan china,neighborOf afghanistan tajikistan,neighborOf tajikistan kyrgyzstan,neighborOf kyrgyzstan china,
neighborOf afghanistan tajikistan,neighborOf afghanistan pakistan,neighborOf pakistan china,neighborOf china tajikistan,
neighborOf afghanistan uzbekistan,neighborOf afghanistan iran,neighborOf iran turkmenistan,neighborOf turkmenistan uzbekistan,
neighborOf afghanistan iran,neighborOf afghanistan china,neighborOf china pakistan,neighborOf pakistan iran,
neighborOf afghanistan pakistan,neighborOf afghanistan tajikistan,neighborOf tajikistan china,neighborOf china pakistan,
locatedIn benin western_africa,neighborOf benin nigeria,neighborOf nigeria niger,locatedIn niger western_africa,
neighborOf benin niger,neighborOf benin nigeria,neighborOf nigeria chad,neighborOf chad niger,
neighborOf benin burkina_faso,neighborOf benin niger,neighborOf niger mali,neighborOf mali burkina_faso,
neighborOf benin togo,neighborOf benin niger,neighborOf niger burkina_faso,neighborOf burkina_faso togo,
neighborOf benin nigeria,neighborOf benin burkina_faso,neighborOf burkina_faso niger,neighborOf niger nigeria,
locatedIn croatia southern_europe,neighborOf croatia hungary,neighborOf hungary slovenia,locatedIn slovenia southern_europe,
neighborOf croatia slovenia,neighborOf croatia hungary,neighborOf hungary austria,neighborOf austria slovenia,
neighborOf croatia bosnia_and_herzegovina,neighborOf croatia hungary,neighborOf hungary serbia,neighborOf serbia bosnia_and_herzegovina,
neighborOf croatia hungary,neighborOf croatia serbia,neighborOf serbia romania,neighborOf romania hungary,
neighborOf croatia serbia,neighborOf croatia slovenia,neighborOf slovenia hungary,neighborOf hungary serbia,
neighborOf croatia montenegro,neighborOf croatia bosnia_and_herzegovina,neighborOf bosnia_and_herzegovina serbia,neighborOf serbia montenegro,
neighborOf sweden norway,neighborOf sweden finland,neighborOf finland russia,neighborOf russia norway,
neighborOf sweden finland,neighborOf sweden norway,neighborOf norway russia,neighborOf russia finland,
neighborOf mexico belize,neighborOf mexico belize,
locatedIn nepal southern_asia,neighborOf nepal china,neighborOf china afghanistan,locatedIn afghanistan southern_asia,
locatedIn nepal asia,neighborOf nepal china,neighborOf china bhutan,locatedIn bhutan asia,
neighborOf nepal china,neighborOf nepal india,neighborOf india pakistan,neighborOf pakistan china,
neighborOf nepal india,neighborOf nepal china,neighborOf china bhutan,neighborOf bhutan india,
locatedIn south_korea eastern_asia,neighborOf south_korea north_korea,neighborOf north_korea china,locatedIn china eastern_asia,
locatedIn moldova eastern_europe,neighborOf moldova ukraine,neighborOf ukraine russia,locatedIn russia eastern_europe,
locatedIn moldova europe,neighborOf moldova ukraine,locatedIn ukraine eastern_europe,locatedIn eastern_europe europe,
neighborOf moldova ukraine,neighborOf moldova romania,neighborOf romania hungary,neighborOf hungary ukraine,
neighborOf moldova romania,neighborOf moldova ukraine,neighborOf ukraine hungary,neighborOf hungary romania,
locatedIn mauritius africa,locatedIn mauritius eastern_africa,locatedIn eastern_africa africa,
neighborOf belarus ukraine,neighborOf belarus poland,neighborOf poland slovakia,neighborOf slovakia ukraine,
neighborOf belarus poland,neighborOf belarus lithuania,neighborOf lithuania russia,neighborOf russia poland,
neighborOf belarus lithuania,neighborOf belarus ukraine,neighborOf ukraine russia,neighborOf russia lithuania,
neighborOf belarus russia,neighborOf belarus ukraine,neighborOf ukraine poland,neighborOf poland russia,
neighborOf belarus latvia,neighborOf belarus russia,neighborOf russia estonia,neighborOf estonia latvia,
neighborOf bangladesh myanmar,neighborOf bangladesh india,neighborOf india china,neighborOf china myanmar,
neighborOf bangladesh india,neighborOf bangladesh myanmar,neighborOf myanmar china,neighborOf china india,
locatedIn malaysia south-eastern_asia,neighborOf malaysia thailand,neighborOf thailand laos,locatedIn laos south-eastern_asia,
neighborOf malaysia thailand,neighborOf malaysia thailand,
neighborOf malaysia brunei,neighborOf malaysia brunei,
locatedIn bosnia_and_herzegovina southern_europe,neighborOf bosnia_and_herzegovina serbia,neighborOf serbia croatia,locatedIn croatia southern_europe,
neighborOf bosnia_and_herzegovina serbia,neighborOf bosnia_and_herzegovina croatia,neighborOf croatia hungary,neighborOf hungary serbia,
neighborOf bosnia_and_herzegovina croatia,neighborOf bosnia_and_herzegovina serbia,neighborOf serbia hungary,neighborOf hungary croatia,
neighborOf bosnia_and_herzegovina montenegro,neighborOf bosnia_and_herzegovina croatia,neighborOf croatia serbia,neighborOf serbia montenegro,
locatedIn luxembourg western_europe,neighborOf luxembourg belgium,neighborOf belgium france,locatedIn france western_europe,
neighborOf luxembourg germany,neighborOf luxembourg france,neighborOf france belgium,neighborOf belgium germany,
neighborOf luxembourg belgium,neighborOf luxembourg germany,neighborOf germany netherlands,neighborOf netherlands belgium,
neighborOf luxembourg france,neighborOf luxembourg germany,neighborOf germany switzerland,neighborOf switzerland france,
locatedIn italy southern_europe,neighborOf italy austria,neighborOf austria slovenia,locatedIn slovenia southern_europe,
locatedIn italy europe,neighborOf italy switzerland,neighborOf switzerland liechtenstein,locatedIn liechtenstein europe,
neighborOf italy slovenia,neighborOf italy switzerland,neighborOf switzerland austria,neighborOf austria slovenia,
neighborOf italy switzerland,neighborOf italy france,neighborOf france germany,neighborOf germany switzerland,
neighborOf italy austria,neighborOf italy france,neighborOf france germany,neighborOf germany austria,
neighborOf italy france,neighborOf italy switzerland,neighborOf switzerland germany,neighborOf germany france,
locatedIn azerbaijan western_asia,neighborOf azerbaijan iran,neighborOf iran armenia,locatedIn armenia western_asia,
neighborOf azerbaijan turkey,neighborOf azerbaijan armenia,neighborOf armenia georgia,neighborOf georgia turkey,
neighborOf azerbaijan armenia,neighborOf azerbaijan turkey,neighborOf turkey iran,neighborOf iran armenia,
neighborOf azerbaijan russia,neighborOf azerbaijan turkey,neighborOf turkey georgia,neighborOf georgia russia,
neighborOf azerbaijan iran,neighborOf azerbaijan turkey,neighborOf turkey iraq,neighborOf iraq iran,
neighborOf azerbaijan georgia,neighborOf azerbaijan iran,neighborOf iran turkey,neighborOf turkey georgia,
locatedIn honduras central_america,neighborOf honduras nicaragua,neighborOf nicaragua costa_rica,locatedIn costa_rica central_america,
locatedIn mali western_africa,neighborOf mali algeria,neighborOf algeria niger,locatedIn niger western_africa,
neighborOf mali burkina_faso,neighborOf mali guinea,neighborOf guinea ivory_coast,neighborOf ivory_coast burkina_faso,
neighborOf mali guinea,neighborOf mali ivory_coast,neighborOf ivory_coast liberia,neighborOf liberia guinea,
neighborOf mali mauritania,neighborOf mali niger,neighborOf niger algeria,neighborOf algeria mauritania,
neighborOf mali niger,neighborOf mali algeria,neighborOf algeria libya,neighborOf libya niger,
neighborOf mali senegal,neighborOf mali guinea,neighborOf guinea guinea-bissau,neighborOf guinea-bissau senegal,
neighborOf mali algeria,neighborOf mali burkina_faso,neighborOf burkina_faso niger,neighborOf niger algeria,
neighborOf mali ivory_coast,neighborOf mali niger,neighborOf niger burkina_faso,neighborOf burkina_faso ivory_coast,
locatedIn algeria northern_africa,neighborOf algeria morocco,neighborOf morocco western_sahara,locatedIn western_sahara northern_africa,
neighborOf algeria libya,neighborOf algeria niger,neighborOf niger chad,neighborOf chad libya,
neighborOf algeria tunisia,neighborOf algeria niger,neighborOf niger libya,neighborOf libya tunisia,
neighborOf algeria mauritania,neighborOf algeria mali,neighborOf mali senegal,neighborOf senegal mauritania,
neighborOf algeria morocco,neighborOf algeria mauritania,neighborOf mauritania western_sahara,neighborOf western_sahara morocco,
neighborOf algeria niger,neighborOf algeria tunisia,neighborOf tunisia libya,neighborOf libya niger,
neighborOf algeria mali,neighborOf algeria niger,neighborOf niger burkina_faso,neighborOf burkina_faso mali,
neighborOf algeria western_sahara,neighborOf algeria mali,neighborOf mali mauritania,neighborOf mauritania western_sahara,
neighborOf french_guiana brazil,neighborOf french_guiana suriname,neighborOf suriname guyana,neighborOf guyana brazil,
neighborOf french_guiana suriname,neighborOf french_guiana brazil,neighborOf brazil guyana,neighborOf guyana suriname,
locatedIn yemen western_asia,neighborOf yemen saudi_arabia,neighborOf saudi_arabia qatar,locatedIn qatar western_asia,
neighborOf yemen oman,neighborOf yemen saudi_arabia,neighborOf saudi_arabia united_arab_emirates,neighborOf united_arab_emirates oman,
neighborOf yemen saudi_arabia,neighborOf yemen oman,neighborOf oman united_arab_emirates,neighborOf united_arab_emirates saudi_arabia,
neighborOf venezuela brazil,neighborOf venezuela colombia,neighborOf colombia peru,neighborOf peru brazil,
neighborOf venezuela colombia,neighborOf venezuela brazil,neighborOf brazil peru,neighborOf peru colombia,
locatedIn slovenia southern_europe,neighborOf slovenia austria,neighborOf austria italy,locatedIn italy southern_europe,
neighborOf slovenia austria,neighborOf slovenia croatia,neighborOf croatia hungary,neighborOf hungary austria,
neighborOf slovenia croatia,neighborOf slovenia austria,neighborOf austria hungary,neighborOf hungary croatia,
neighborOf slovenia italy,neighborOf slovenia hungary,neighborOf hungary austria,neighborOf austria italy,
neighborOf slovenia hungary,neighborOf slovenia austria,neighborOf austria slovakia,neighborOf slovakia hungary,
locatedIn micronesia oceania,locatedIn micronesia micronesia,locatedIn micronesia micronesia,locatedIn micronesia oceania,
locatedIn china eastern_asia,neighborOf china north_korea,neighborOf north_korea south_korea,locatedIn south_korea eastern_asia,
neighborOf china afghanistan,neighborOf china myanmar,neighborOf myanmar india,neighborOf india afghanistan,
neighborOf china bhutan,neighborOf china myanmar,neighborOf myanmar india,neighborOf india bhutan,
neighborOf china india,neighborOf china laos,neighborOf laos myanmar,neighborOf myanmar india,
neighborOf china kazakhstan,neighborOf china north_korea,neighborOf north_korea russia,neighborOf russia kazakhstan,
neighborOf china kyrgyzstan,neighborOf china kazakhstan,neighborOf kazakhstan uzbekistan,neighborOf uzbekistan kyrgyzstan,
neighborOf china tajikistan,neighborOf china pakistan,neighborOf pakistan afghanistan,neighborOf afghanistan tajikistan,
neighborOf china laos,neighborOf china vietnam,neighborOf vietnam cambodia,neighborOf cambodia laos,
neighborOf china russia,neighborOf china kyrgyzstan,neighborOf kyrgyzstan kazakhstan,neighborOf kazakhstan russia,
neighborOf china north_korea,neighborOf china mongolia,neighborOf mongolia russia,neighborOf russia north_korea,
neighborOf china myanmar,neighborOf china vietnam,neighborOf vietnam laos,neighborOf laos myanmar,
neighborOf china pakistan,neighborOf china bhutan,neighborOf bhutan india,neighborOf india pakistan,
neighborOf china mongolia,neighborOf china kazakhstan,neighborOf kazakhstan russia,neighborOf russia mongolia,
neighborOf china vietnam,neighborOf china laos,neighborOf laos cambodia,neighborOf cambodia vietnam,
locatedIn gabon middle_africa,neighborOf gabon equatorial_guinea,neighborOf equatorial_guinea cameroon,locatedIn cameroon middle_africa,
neighborOf gabon equatorial_guinea,neighborOf gabon republic_of_the_congo,neighborOf republic_of_the_congo cameroon,neighborOf cameroon equatorial_guinea,
neighborOf gabon republic_of_the_congo,neighborOf gabon cameroon,neighborOf cameroon central_african_republic,neighborOf central_african_republic republic_of_the_congo,
neighborOf gabon cameroon,neighborOf gabon republic_of_the_congo,neighborOf republic_of_the_congo central_african_republic,neighborOf central_african_republic cameroon,
locatedIn andorra southern_europe,neighborOf andorra spain,neighborOf spain gibraltar,locatedIn gibraltar southern_europe,
locatedIn gambia western_africa,neighborOf gambia senegal,neighborOf senegal guinea-bissau,locatedIn guinea-bissau western_africa,
locatedIn gambia africa,neighborOf gambia senegal,neighborOf senegal guinea-bissau,locatedIn guinea-bissau africa,
locatedIn palestine western_asia,neighborOf palestine egypt,neighborOf egypt israel,locatedIn israel western_asia,
locatedIn palestine asia,neighborOf palestine israel,locatedIn israel western_asia,locatedIn western_asia asia,
neighborOf palestine jordan,neighborOf palestine egypt,neighborOf egypt israel,neighborOf israel jordan,
neighborOf palestine egypt,neighborOf palestine jordan,neighborOf jordan israel,neighborOf israel egypt,
neighborOf palestine israel,neighborOf palestine jordan,neighborOf jordan syria,neighborOf syria israel,
locatedIn france western_europe,neighborOf france germany,neighborOf germany luxembourg,locatedIn luxembourg western_europe,
neighborOf france germany,neighborOf france switzerland,neighborOf switzerland austria,neighborOf austria germany,
neighborOf france luxembourg,neighborOf france belgium,neighborOf belgium germany,neighborOf germany luxembourg,
neighborOf france italy,neighborOf france germany,neighborOf germany switzerland,neighborOf switzerland italy,
neighborOf france switzerland,neighborOf france belgium,neighborOf belgium germany,neighborOf germany switzerland,
neighborOf france belgium,neighborOf france luxembourg,neighborOf luxembourg germany,neighborOf germany belgium,
locatedIn mongolia eastern_asia,neighborOf mongolia china,neighborOf china macau,locatedIn macau eastern_asia,
locatedIn mongolia asia,neighborOf mongolia china,neighborOf china bhutan,locatedIn bhutan asia,
neighborOf mongolia china,neighborOf mongolia russia,neighborOf russia north_korea,neighborOf north_korea china,
neighborOf mongolia russia,neighborOf mongolia china,neighborOf china kazakhstan,neighborOf kazakhstan russia,
locatedIn lithuania northern_europe,neighborOf lithuania belarus,neighborOf belarus latvia,locatedIn latvia northern_europe,
neighborOf lithuania poland,neighborOf lithuania latvia,neighborOf latvia russia,neighborOf russia poland,
neighborOf lithuania latvia,neighborOf lithuania russia,neighborOf russia belarus,neighborOf belarus latvia,
neighborOf lithuania belarus,neighborOf lithuania russia,neighborOf russia poland,neighborOf poland belarus,
neighborOf lithuania russia,neighborOf lithuania belarus,neighborOf belarus poland,neighborOf poland russia,
locatedIn micronesia oceania,locatedIn micronesia micronesia,locatedIn micronesia micronesia,locatedIn micronesia oceania,